{"type":"FeatureCollection","name":"kecamatan_kalsel","features":[{"type":"Feature","properties":{"nama_kec":"Muara Uya","kab_id":"tabalong","kab_name":"Kab. Tabalong","kab_label_asli":"Kab. Tabalong","kab_dikoreksi":false,"cx":115.5711,"cy":-1.7327,"ndmi_arsip":0.274,"lst_arsip":35.6,"peat_pct":5},"geometry":{"type":"Polygon","coordinates":[[[115.3694,-1.5726],[115.4136,-1.4247],[115.4162,-1.4239],[115.4419,-1.4289],[115.4452,-1.4289],[115.4596,-1.4215],[115.4695,-1.4189],[115.4764,-1.4158],[115.4836,-1.4106],[115.4874,-1.4067],[115.4957,-1.4025],[115.5198,-1.4007],[115.5366,-1.3976],[115.5569,-1.3956],[115.6147,-1.3664],[115.6197,-1.3625],[115.6538,-1.343],[115.6683,-1.3338],[115.6715,-1.3327],[115.6769,-1.3329],[115.6904,-1.3369],[115.7099,-1.3364],[115.7203,-1.331],[115.7304,-1.3247],[115.7345,-1.3214],[115.7445,-1.316],[115.7493,-1.3122],[115.7488,-1.3359],[115.7459,-1.3385],[115.744,-1.3418],[115.7437,-1.3498],[115.7426,-1.3547],[115.7387,-1.3603],[115.7363,-1.3656],[115.7345,-1.367],[115.7297,-1.3681],[115.7271,-1.3709],[115.7233,-1.3729],[115.7208,-1.3817],[115.7195,-1.3896],[115.7148,-1.3964],[115.7131,-1.4024],[115.7103,-1.4055],[115.7087,-1.4125],[115.7054,-1.4138],[115.6996,-1.414],[115.6979,-1.4156],[115.6946,-1.4162],[115.694,-1.4169],[115.6973,-1.4245],[115.6937,-1.4246],[115.6918,-1.4258],[115.692,-1.4347],[115.6882,-1.4421],[115.6878,-1.446],[115.6886,-1.449],[115.6848,-1.4467],[115.6835,-1.4478],[115.6821,-1.4478],[115.6786,-1.455],[115.6777,-1.4629],[115.6731,-1.4625],[115.671,-1.4609],[115.6682,-1.4686],[115.6654,-1.4683],[115.6602,-1.4695],[115.6593,-1.4704],[115.6598,-1.4771],[115.6562,-1.4833],[115.6546,-1.4943],[115.6519,-1.5003],[115.6542,-1.5046],[115.6543,-1.507],[115.6556,-1.5095],[115.6552,-1.5123],[115.6407,-1.5196],[115.6367,-1.5265],[115.6337,-1.5281],[115.6314,-1.5307],[115.6314,-1.5349],[115.6349,-1.5414],[115.6358,-1.5488],[115.6302,-1.5569],[115.629,-1.5616],[115.6312,-1.5637],[115.633,-1.564],[115.6343,-1.564],[115.6372,-1.5618],[115.6381,-1.5625],[115.6372,-1.5706],[115.6356,-1.5727],[115.6334,-1.5728],[115.6301,-1.5749],[115.6298,-1.5775],[115.6305,-1.5791],[115.6333,-1.5796],[115.6366,-1.5816],[115.6396,-1.5863],[115.639,-1.59],[115.6397,-1.5917],[115.6376,-1.5931],[115.6359,-1.5975],[115.636,-1.6039],[115.637,-1.6047],[115.6393,-1.6037],[115.6402,-1.6071],[115.6392,-1.6092],[115.6439,-1.6127],[115.6544,-1.6139],[115.6512,-1.6171],[115.6504,-1.6193],[115.6508,-1.6211],[115.6549,-1.6264],[115.6582,-1.628],[115.6612,-1.6286],[115.6659,-1.6281],[115.6678,-1.6294],[115.6685,-1.6342],[115.671,-1.6422],[115.6697,-1.648],[115.6724,-1.6552],[115.674,-1.6665],[115.6712,-1.675],[115.6676,-1.6806],[115.6678,-1.6836],[115.6663,-1.6885],[115.6658,-1.6967],[115.6674,-1.6997],[115.6654,-1.7072],[115.6684,-1.7092],[115.679,-1.7101],[115.6812,-1.7152],[115.6862,-1.7174],[115.691,-1.718],[115.6977,-1.7229],[115.7057,-1.7322],[115.7071,-1.7328],[115.7066,-1.7353],[115.7021,-1.7393],[115.7009,-1.7431],[115.697,-1.7451],[115.6957,-1.748],[115.6901,-1.7518],[115.6869,-1.7578],[115.6867,-1.7667],[115.6898,-1.7718],[115.6903,-1.778],[115.686,-1.7855],[115.6808,-1.7895],[115.6809,-1.7946],[115.6848,-1.8011],[115.6891,-1.804],[115.691,-1.8043],[115.693,-1.8],[115.7001,-1.7931],[115.7032,-1.792],[115.7061,-1.789],[115.7081,-1.7882],[115.7098,-1.7897],[115.711,-1.7922],[115.7127,-1.7938],[115.7155,-1.7945],[115.7206,-1.8004],[115.7216,-1.801],[115.7248,-1.8003],[115.7266,-1.8035],[115.726,-1.808],[115.7273,-1.813],[115.7272,-1.8161],[115.7216,-1.8257],[115.7212,-1.8292],[115.7238,-1.8366],[115.7301,-1.8453],[115.7297,-1.8483],[115.7267,-1.8537],[115.7276,-1.8575],[115.7326,-1.8603],[115.7324,-1.8612],[115.7295,-1.8624],[115.7307,-1.866],[115.7295,-1.8705],[115.7262,-1.8753],[115.7296,-1.8814],[115.7251,-1.8907],[115.7255,-1.8932],[115.7243,-1.8967],[115.7252,-1.9018],[115.7233,-1.9054],[115.7202,-1.9085],[115.7189,-1.9127],[115.7229,-1.9209],[115.7274,-1.9249],[115.7229,-1.9249],[115.7189,-1.9267],[115.7184,-1.9297],[115.7156,-1.9361],[115.7117,-1.9391],[115.7119,-1.9435],[115.7102,-1.9462],[115.7061,-1.9496],[115.7065,-1.9615],[115.7029,-1.9648],[115.7007,-1.9696],[115.6961,-1.9744],[115.6983,-1.9825],[115.6979,-1.985],[115.6959,-1.9878],[115.6932,-1.9895],[115.691,-1.9935],[115.6838,-2.0007],[115.6817,-2.0012],[115.6796,-1.9994],[115.6768,-1.9951],[115.6748,-1.9958],[115.6738,-1.9978],[115.6657,-2.0029],[115.6646,-2.0012],[115.6657,-1.9886],[115.6637,-1.9859],[115.6589,-1.984],[115.6558,-1.9802],[115.6531,-1.9795],[115.6484,-1.9812],[115.6463,-1.9834],[115.6416,-1.9847],[115.636,-1.9892],[115.6309,-1.9885],[115.6245,-1.9831],[115.6202,-1.9812],[115.6155,-1.9817],[115.6047,-1.9848],[115.6021,-1.9848],[115.5949,-1.9817],[115.5874,-1.9823],[115.5854,-1.9829],[115.5855,-1.9851],[115.5844,-1.9873],[115.58,-1.9854],[115.5782,-1.9837],[115.5722,-1.982],[115.569,-1.9859],[115.5667,-1.9864],[115.5651,-1.9885],[115.5625,-1.9895],[115.5599,-1.9892],[115.5578,-1.9878],[115.556,-1.9863],[115.5546,-1.9835],[115.5525,-1.9624],[115.5494,-1.9519],[115.5459,-1.9455],[115.5449,-1.9408],[115.5417,-1.9329],[115.5387,-1.9273],[115.5352,-1.9243],[115.5336,-1.9205],[115.5333,-1.9156],[115.5302,-1.9055],[115.5312,-1.9007],[115.5289,-1.8943],[115.5302,-1.8895],[115.5296,-1.8844],[115.5234,-1.8741],[115.5211,-1.8732],[115.5073,-1.8725],[115.4992,-1.861],[115.4971,-1.8604],[115.4921,-1.8631],[115.4893,-1.8637],[115.4859,-1.8634],[115.4755,-1.8582],[115.4696,-1.859],[115.4648,-1.8563],[115.4628,-1.856],[115.461,-1.8571],[115.458,-1.8617],[115.4491,-1.8649],[115.4467,-1.8646],[115.445,-1.8633],[115.4423,-1.8674],[115.4403,-1.8689],[115.4326,-1.8728],[115.4276,-1.8743],[115.4274,-1.8791],[115.4264,-1.8813],[115.4251,-1.8833],[115.4211,-1.8865],[115.4195,-1.8925],[115.4174,-1.8926],[115.4152,-1.8965],[115.4137,-1.8963],[115.4103,-1.8938],[115.4096,-1.895],[115.4096,-1.8974],[115.4106,-1.8993],[115.41,-1.9003],[115.4077,-1.8993],[115.4052,-1.8961],[115.4053,-1.892],[115.4044,-1.887],[115.4038,-1.8869],[115.3997,-1.8868],[115.3987,-1.888],[115.3974,-1.8951],[115.3977,-1.8988],[115.3968,-1.9001],[115.3953,-1.8992],[115.3916,-1.8905],[115.3893,-1.8934],[115.3853,-1.8926],[115.3828,-1.8898],[115.3791,-1.8885],[115.378,-1.8891],[115.377,-1.8913],[115.3724,-1.892],[115.3195,-1.8922],[115.3182,-1.8868],[115.3186,-1.8848],[115.3204,-1.8833],[115.3212,-1.8788],[115.3208,-1.876],[115.3183,-1.8737],[115.3196,-1.8682],[115.3188,-1.8605],[115.3161,-1.8555],[115.3161,-1.852],[115.3153,-1.8512],[115.3116,-1.8507],[115.3088,-1.8493],[115.3089,-1.843],[115.3063,-1.8395],[115.3071,-1.836],[115.3,-1.8245],[115.3008,-1.8237],[115.3031,-1.8254],[115.3097,-1.8266],[115.3129,-1.8264],[115.3134,-1.8253],[115.3117,-1.8212],[115.3097,-1.8089],[115.3098,-1.8015],[115.3112,-1.7961],[115.3146,-1.7919],[115.3156,-1.787],[115.3195,-1.7777],[115.3228,-1.7642],[115.3249,-1.7628],[115.3256,-1.7588],[115.3291,-1.7561],[115.3342,-1.7479],[115.3324,-1.7371],[115.3362,-1.7293],[115.336,-1.7273],[115.3326,-1.7228],[115.3328,-1.7213],[115.3348,-1.719],[115.3341,-1.7151],[115.3362,-1.7139],[115.3382,-1.7107],[115.3378,-1.7071],[115.3439,-1.7022],[115.3439,-1.6983],[115.3414,-1.6934],[115.3416,-1.6909],[115.3501,-1.6811],[115.3465,-1.674],[115.3463,-1.6695],[115.3442,-1.6665],[115.3441,-1.6642],[115.3455,-1.662],[115.3524,-1.6582],[115.3548,-1.6553],[115.3553,-1.6535],[115.3539,-1.6471],[115.3508,-1.6429],[115.3496,-1.6393],[115.3694,-1.5726]]]}},{"type":"Feature","properties":{"nama_kec":"Haruwai","kab_id":"tabalong","kab_name":"Kab. Tabalong","kab_label_asli":"Kab. Tabalong","kab_dikoreksi":false,"cx":115.5381,"cy":-2.01,"ndmi_arsip":0.164,"lst_arsip":32.0,"peat_pct":10},"geometry":{"type":"Polygon","coordinates":[[[115.4327,-1.9704],[115.4342,-1.9685],[115.4312,-1.9678],[115.4314,-1.9642],[115.438,-1.9557],[115.4383,-1.9484],[115.4393,-1.9479],[115.4425,-1.9481],[115.4428,-1.9463],[115.441,-1.943],[115.4387,-1.9435],[115.4342,-1.9467],[115.4316,-1.9462],[115.4308,-1.944],[115.4347,-1.9382],[115.4323,-1.9331],[115.4295,-1.934],[115.432,-1.9341],[115.4326,-1.9352],[115.4307,-1.938],[115.4291,-1.9378],[115.428,-1.9361],[115.4251,-1.9365],[115.421,-1.9332],[115.4219,-1.9315],[115.4259,-1.931],[115.4288,-1.9293],[115.4305,-1.9244],[115.4282,-1.9186],[115.4256,-1.9152],[115.4187,-1.9154],[115.4168,-1.9133],[115.4163,-1.9113],[115.4179,-1.9059],[115.4176,-1.9038],[115.4192,-1.9003],[115.4189,-1.8936],[115.4211,-1.8865],[115.4251,-1.8833],[115.4264,-1.8813],[115.4274,-1.8791],[115.4276,-1.8743],[115.4326,-1.8728],[115.4403,-1.8689],[115.4423,-1.8674],[115.445,-1.8633],[115.4467,-1.8646],[115.4491,-1.8649],[115.458,-1.8617],[115.461,-1.8571],[115.4628,-1.856],[115.4648,-1.8563],[115.4696,-1.859],[115.4755,-1.8582],[115.4859,-1.8634],[115.4893,-1.8637],[115.4921,-1.8631],[115.4971,-1.8604],[115.4992,-1.861],[115.5073,-1.8725],[115.5211,-1.8732],[115.5234,-1.8741],[115.5303,-1.8867],[115.5289,-1.8943],[115.5312,-1.9007],[115.5302,-1.9055],[115.5333,-1.9156],[115.5336,-1.9205],[115.5352,-1.9243],[115.5387,-1.9273],[115.54,-1.9295],[115.5449,-1.9408],[115.5459,-1.9455],[115.5483,-1.9489],[115.5525,-1.9624],[115.5546,-1.9835],[115.556,-1.9863],[115.5599,-1.9892],[115.5625,-1.9895],[115.5651,-1.9885],[115.5667,-1.9864],[115.569,-1.9859],[115.5722,-1.982],[115.5782,-1.9837],[115.58,-1.9854],[115.5844,-1.9873],[115.5855,-1.9851],[115.5854,-1.9829],[115.5874,-1.9823],[115.5949,-1.9817],[115.6021,-1.9848],[115.6047,-1.9848],[115.6155,-1.9817],[115.6202,-1.9812],[115.6245,-1.9831],[115.6309,-1.9885],[115.636,-1.9892],[115.6416,-1.9847],[115.6463,-1.9834],[115.6484,-1.9812],[115.6531,-1.9795],[115.6558,-1.9802],[115.6589,-1.984],[115.6637,-1.9859],[115.6657,-1.9886],[115.6646,-2.0012],[115.6657,-2.0029],[115.6738,-1.9978],[115.6748,-1.9958],[115.6768,-1.9951],[115.6796,-1.9994],[115.6817,-2.0012],[115.6838,-2.0007],[115.691,-1.9935],[115.6932,-1.9895],[115.6959,-1.9878],[115.6979,-1.985],[115.6983,-1.9825],[115.6973,-1.9783],[115.7032,-1.9774],[115.7084,-1.9786],[115.7111,-1.9805],[115.7129,-1.9843],[115.7128,-1.9907],[115.7144,-1.9932],[115.7184,-1.9962],[115.7185,-2.0008],[115.7172,-2.0033],[115.7176,-2.008],[115.7164,-2.0097],[115.7151,-2.0174],[115.7126,-2.0239],[115.7081,-2.0269],[115.6949,-2.0406],[115.6913,-2.0402],[115.6896,-2.0413],[115.6853,-2.0545],[115.6833,-2.0565],[115.6851,-2.058],[115.6856,-2.0617],[115.6856,-2.0711],[115.6846,-2.0763],[115.6795,-2.0804],[115.6766,-2.0861],[115.6704,-2.0895],[115.6702,-2.0944],[115.6695,-2.0959],[115.6645,-2.0971],[115.6627,-2.099],[115.6583,-2.1116],[115.6551,-2.1167],[115.6488,-2.1173],[115.6458,-2.1257],[115.6402,-2.13],[115.6366,-2.1302],[115.6278,-2.122],[115.6265,-2.1193],[115.6225,-2.1199],[115.6216,-2.1169],[115.6219,-2.1158],[115.6204,-2.1134],[115.6196,-2.1128],[115.6177,-2.1135],[115.6157,-2.118],[115.6163,-2.1258],[115.6117,-2.129],[115.6001,-2.1431],[115.5915,-2.1498],[115.5898,-2.1521],[115.5866,-2.1536],[115.5829,-2.1533],[115.5807,-2.154],[115.579,-2.156],[115.575,-2.1578],[115.5729,-2.1611],[115.5711,-2.1611],[115.567,-2.1636],[115.5646,-2.1698],[115.5614,-2.1732],[115.5599,-2.1769],[115.558,-2.1792],[115.5571,-2.1772],[115.5576,-2.1691],[115.556,-2.1672],[115.5513,-2.1646],[115.5496,-2.1646],[115.5452,-2.1619],[115.5402,-2.1446],[115.5369,-2.1435],[115.5297,-2.1435],[115.5256,-2.139],[115.5212,-2.1365],[115.5179,-2.1329],[115.5132,-2.1304],[115.5129,-2.1274],[115.514,-2.1226],[115.5162,-2.1179],[115.519,-2.1046],[115.5207,-2.1018],[115.5193,-2.0979],[115.5176,-2.0962],[115.5116,-2.0979],[115.5082,-2.0976],[115.5066,-2.0957],[115.5063,-2.0915],[115.5033,-2.0885],[115.4994,-2.0876],[115.4925,-2.0818],[115.4841,-2.081],[115.473,-2.0777],[115.4644,-2.0723],[115.4618,-2.0678],[115.4563,-2.0649],[115.4561,-2.0642],[115.4597,-2.063],[115.4597,-2.0588],[115.4617,-2.0555],[115.4622,-2.0512],[115.4596,-2.0507],[115.4567,-2.052],[115.4563,-2.0509],[115.4587,-2.0499],[115.458,-2.0485],[115.4496,-2.0443],[115.4467,-2.0399],[115.4454,-2.036],[115.443,-2.0332],[115.4389,-2.0262],[115.4389,-2.025],[115.442,-2.0201],[115.4356,-2.0178],[115.4341,-2.0155],[115.4344,-2.0147],[115.4371,-2.0144],[115.4381,-2.0129],[115.4401,-2.0148],[115.4427,-2.0145],[115.4443,-2.0122],[115.444,-2.009],[115.4415,-2.004],[115.4428,-1.999],[115.4438,-1.9983],[115.4448,-1.9926],[115.4441,-1.9904],[115.438,-1.9867],[115.438,-1.9856],[115.4392,-1.9844],[115.4441,-1.9828],[115.4445,-1.9799],[115.4435,-1.9769],[115.4425,-1.9763],[115.4414,-1.9773],[115.4399,-1.9773],[115.4389,-1.9762],[115.4394,-1.9656],[115.4371,-1.9661],[115.4353,-1.9713],[115.4337,-1.9715],[115.4327,-1.9704]]]}},{"type":"Feature","properties":{"nama_kec":"Tanjung","kab_id":"tabalong","kab_name":"Kab. Tabalong","kab_label_asli":"Kab. Hulu Sungai Utara","kab_dikoreksi":true,"cx":115.3915,"cy":-2.0895,"ndmi_arsip":0.168,"lst_arsip":33.6,"peat_pct":19},"geometry":{"type":"Polygon","coordinates":[[[115.4327,-1.9704],[115.4337,-1.9715],[115.4353,-1.9713],[115.4371,-1.9661],[115.4394,-1.9656],[115.4389,-1.9762],[115.4399,-1.9773],[115.4414,-1.9773],[115.4425,-1.9763],[115.4435,-1.9769],[115.4445,-1.9799],[115.4441,-1.9828],[115.4392,-1.9844],[115.438,-1.9856],[115.438,-1.9867],[115.4441,-1.9904],[115.4448,-1.9926],[115.4438,-1.9983],[115.4428,-1.999],[115.4415,-2.004],[115.444,-2.009],[115.4443,-2.0122],[115.4427,-2.0145],[115.4401,-2.0148],[115.4381,-2.0129],[115.4371,-2.0144],[115.4344,-2.0147],[115.4341,-2.0155],[115.4356,-2.0178],[115.442,-2.0201],[115.4389,-2.025],[115.4389,-2.0262],[115.443,-2.0332],[115.4454,-2.036],[115.4467,-2.0399],[115.4496,-2.0443],[115.458,-2.0485],[115.4587,-2.0499],[115.4563,-2.0509],[115.4567,-2.052],[115.4596,-2.0507],[115.4621,-2.0509],[115.4617,-2.0555],[115.4597,-2.0588],[115.4597,-2.063],[115.456,-2.0644],[115.4574,-2.066],[115.4624,-2.0683],[115.4644,-2.0723],[115.457,-2.0737],[115.4509,-2.0773],[115.4324,-2.0943],[115.4234,-2.0951],[115.4202,-2.0934],[115.4183,-2.0898],[115.4174,-2.0901],[115.4172,-2.093],[115.4145,-2.0901],[115.4133,-2.0906],[115.4107,-2.0936],[115.4106,-2.0951],[115.4123,-2.0967],[115.4147,-2.0961],[115.4125,-2.1016],[115.4157,-2.1058],[115.4148,-2.1072],[115.4137,-2.1074],[115.412,-2.1048],[115.4113,-2.105],[115.4099,-2.1107],[115.4132,-2.1104],[115.4143,-2.1152],[115.4153,-2.1144],[115.4152,-2.111],[115.417,-2.1107],[115.4186,-2.1127],[115.4178,-2.1162],[115.4196,-2.1167],[115.4218,-2.1161],[115.4225,-2.1171],[115.4131,-2.1209],[115.4076,-2.1188],[115.4066,-2.1196],[115.406,-2.1241],[115.4067,-2.1249],[115.4096,-2.1251],[115.4092,-2.1268],[115.4065,-2.1279],[115.4027,-2.1281],[115.4,-2.1263],[115.3983,-2.1276],[115.3987,-2.1359],[115.3973,-2.1371],[115.3931,-2.1374],[115.393,-2.1388],[115.3948,-2.1417],[115.3911,-2.1463],[115.3917,-2.1476],[115.3945,-2.148],[115.3943,-2.1511],[115.3909,-2.1543],[115.389,-2.155],[115.3914,-2.1606],[115.3898,-2.1617],[115.3874,-2.1608],[115.3863,-2.1632],[115.3873,-2.1672],[115.3908,-2.1696],[115.3911,-2.1715],[115.3892,-2.1722],[115.387,-2.1715],[115.3859,-2.1698],[115.386,-2.1675],[115.3852,-2.1667],[115.3833,-2.1667],[115.3818,-2.1676],[115.3782,-2.1718],[115.3749,-2.1694],[115.3763,-2.1663],[115.3725,-2.1672],[115.3707,-2.1722],[115.3707,-2.1754],[115.3678,-2.176],[115.3663,-2.1778],[115.3603,-2.1804],[115.3622,-2.1839],[115.3624,-2.1879],[115.3636,-2.1906],[115.3631,-2.1919],[115.3604,-2.1919],[115.3579,-2.1936],[115.3541,-2.1922],[115.3496,-2.1926],[115.3488,-2.1934],[115.3484,-2.1968],[115.3456,-2.1982],[115.3419,-2.1956],[115.3406,-2.1957],[115.3409,-2.2004],[115.338,-2.2038],[115.3372,-2.2076],[115.3348,-2.2088],[115.3337,-2.208],[115.3332,-2.2056],[115.3317,-2.2051],[115.3289,-2.2074],[115.3285,-2.209],[115.3301,-2.2131],[115.3291,-2.2146],[115.3264,-2.2161],[115.3296,-2.2174],[115.3289,-2.2201],[115.3238,-2.2217],[115.3186,-2.2268],[115.3119,-2.2281],[115.3102,-2.2278],[115.3034,-2.2184],[115.293,-2.1988],[115.2956,-2.1694],[115.2994,-2.1661],[115.3032,-2.16],[115.3013,-2.1577],[115.3014,-2.1535],[115.2971,-2.1496],[115.2971,-2.143],[115.2983,-2.1415],[115.3009,-2.1412],[115.302,-2.1374],[115.3105,-2.132],[115.3169,-2.1247],[115.3181,-2.1218],[115.3168,-2.0896],[115.3185,-2.0787],[115.3198,-2.0754],[115.3214,-2.0724],[115.3223,-2.0722],[115.3286,-2.0748],[115.3375,-2.0799],[115.3454,-2.0823],[115.3472,-2.0815],[115.3488,-2.0775],[115.3513,-2.0743],[115.3559,-2.072],[115.3726,-2.0686],[115.3789,-2.0648],[115.3869,-2.0642],[115.3939,-2.0619],[115.404,-2.0608],[115.4076,-2.0596],[115.409,-2.0549],[115.4077,-2.0518],[115.4044,-2.0484],[115.4038,-2.0447],[115.3996,-2.0403],[115.3942,-2.04],[115.3901,-2.0381],[115.3878,-2.035],[115.385,-2.0337],[115.3831,-2.0283],[115.3792,-2.0275],[115.3785,-2.0264],[115.3793,-2.0248],[115.3776,-2.0223],[115.3741,-2.0212],[115.3718,-2.0188],[115.3708,-2.0155],[115.3724,-2.0128],[115.371,-2.0094],[115.3743,-2.0028],[115.3753,-1.9983],[115.3792,-1.9928],[115.3798,-1.9889],[115.3832,-1.9852],[115.3897,-1.9838],[115.3916,-1.9804],[115.39,-1.9765],[115.3933,-1.9726],[115.3946,-1.9691],[115.3977,-1.9665],[115.4055,-1.9662],[115.4059,-1.9701],[115.4084,-1.9744],[115.4092,-1.9786],[115.4151,-1.9777],[115.4176,-1.9753],[115.4198,-1.9745],[115.4222,-1.9753],[115.4278,-1.9731],[115.4282,-1.9707],[115.4304,-1.9693],[115.4321,-1.9694],[115.4327,-1.9704]]]}},{"type":"Feature","properties":{"nama_kec":"Halong","kab_id":"balangan","kab_name":"Kab. Balangan","kab_label_asli":"Kab. Hulu Sungai Tengah","kab_dikoreksi":true,"cx":115.7254,"cy":-2.2149,"ndmi_arsip":0.092,"lst_arsip":32.6,"peat_pct":6},"geometry":{"type":"Polygon","coordinates":[[[115.597,-2.1451],[115.6013,-2.1419],[115.6117,-2.129],[115.6163,-2.1258],[115.6157,-2.118],[115.617,-2.1145],[115.6185,-2.113],[115.6196,-2.1128],[115.6215,-2.1148],[115.6225,-2.1199],[115.6265,-2.1193],[115.6278,-2.122],[115.6366,-2.1302],[115.6402,-2.13],[115.6458,-2.1257],[115.6488,-2.1173],[115.6551,-2.1167],[115.6583,-2.1116],[115.6627,-2.099],[115.6645,-2.0971],[115.6695,-2.0959],[115.6702,-2.0944],[115.6704,-2.0895],[115.6766,-2.0861],[115.6795,-2.0804],[115.6846,-2.0763],[115.6856,-2.0711],[115.6856,-2.0617],[115.6851,-2.058],[115.6833,-2.0565],[115.6853,-2.0545],[115.6887,-2.0436],[115.6906,-2.0405],[115.6949,-2.0406],[115.6973,-2.0417],[115.7014,-2.0505],[115.7059,-2.0511],[115.7097,-2.0485],[115.713,-2.0492],[115.7152,-2.0522],[115.719,-2.0608],[115.7205,-2.0624],[115.7221,-2.0629],[115.726,-2.0624],[115.7336,-2.0649],[115.7428,-2.064],[115.7454,-2.0647],[115.7474,-2.072],[115.75,-2.0772],[115.7525,-2.0764],[115.7609,-2.0585],[115.7638,-2.0556],[115.7686,-2.0535],[115.7705,-2.054],[115.7735,-2.0573],[115.7755,-2.0579],[115.7779,-2.0575],[115.7804,-2.0547],[115.7846,-2.0551],[115.7871,-2.0569],[115.7899,-2.0616],[115.7941,-2.0592],[115.8003,-2.0652],[115.802,-2.0651],[115.8035,-2.063],[115.8068,-2.0621],[115.8081,-2.0628],[115.8114,-2.0675],[115.8137,-2.0731],[115.815,-2.0822],[115.8154,-2.0875],[115.8145,-2.0946],[115.8132,-2.098],[115.8097,-2.1016],[115.8001,-2.1048],[115.7969,-2.1088],[115.7974,-2.1152],[115.7937,-2.1335],[115.7952,-2.1373],[115.7955,-2.1409],[115.7936,-2.1501],[115.796,-2.1565],[115.7956,-2.1585],[115.7931,-2.161],[115.7918,-2.1643],[115.7949,-2.169],[115.7943,-2.1712],[115.7955,-2.1733],[115.7921,-2.1787],[115.7923,-2.1836],[115.7855,-2.2019],[115.7846,-2.2064],[115.7866,-2.2128],[115.7852,-2.2184],[115.7858,-2.2195],[115.798,-2.225],[115.7992,-2.2297],[115.8013,-2.2325],[115.8111,-2.2395],[115.8125,-2.2435],[115.8134,-2.2493],[115.8118,-2.2536],[115.8081,-2.2583],[115.8076,-2.2608],[115.8088,-2.2725],[115.8106,-2.2794],[115.8133,-2.2833],[115.8186,-2.2845],[115.8245,-2.2909],[115.8309,-2.2932],[115.8327,-2.2952],[115.8322,-2.2977],[115.821,-2.3059],[115.8166,-2.3178],[115.8169,-2.3193],[115.8188,-2.3214],[115.8263,-2.3259],[115.83,-2.3297],[115.8315,-2.3331],[115.8319,-2.3362],[115.8282,-2.3516],[115.8291,-2.3559],[115.8356,-2.3687],[115.836,-2.3842],[115.8355,-2.3879],[115.821,-2.395],[115.8161,-2.4017],[115.8124,-2.4047],[115.7908,-2.4353],[115.7922,-2.4406],[115.791,-2.4487],[115.7849,-2.4478],[115.7724,-2.439],[115.7698,-2.435],[115.7599,-2.4239],[115.7587,-2.4178],[115.7574,-2.4159],[115.7514,-2.41],[115.7481,-2.4131],[115.7445,-2.4123],[115.7412,-2.4125],[115.7377,-2.4169],[115.7334,-2.4151],[115.7297,-2.417],[115.7286,-2.4167],[115.7275,-2.4149],[115.728,-2.4137],[115.7274,-2.4117],[115.7289,-2.4106],[115.7289,-2.409],[115.727,-2.4093],[115.7242,-2.4125],[115.7222,-2.4128],[115.7181,-2.4115],[115.7141,-2.4076],[115.7084,-2.4074],[115.7076,-2.4051],[115.7053,-2.4052],[115.7031,-2.4067],[115.6945,-2.4077],[115.6874,-2.4009],[115.6815,-2.3965],[115.6692,-2.39],[115.6615,-2.3877],[115.6577,-2.3809],[115.6537,-2.3685],[115.6525,-2.3615],[115.6476,-2.2953],[115.6459,-2.2929],[115.6338,-2.2918],[115.6319,-2.2909],[115.6265,-2.2654],[115.6248,-2.2612],[115.6136,-2.2605],[115.6106,-2.2574],[115.6086,-2.2512],[115.6092,-2.2501],[115.6109,-2.2503],[115.6128,-2.253],[115.614,-2.2517],[115.6188,-2.2504],[115.6218,-2.2505],[115.6261,-2.2345],[115.6361,-2.218],[115.6383,-2.2134],[115.6379,-2.2122],[115.6306,-2.2054],[115.6256,-2.205],[115.6251,-2.2044],[115.6257,-2.2034],[115.6241,-2.2018],[115.6149,-2.1994],[115.6038,-2.194],[115.6016,-2.1902],[115.5985,-2.1882],[115.5969,-2.1835],[115.5939,-2.1795],[115.5992,-2.1667],[115.5966,-2.1561],[115.5986,-2.1506],[115.597,-2.1451]]]}},{"type":"Feature","properties":{"nama_kec":"Murung Pudak","kab_id":"tabalong","kab_name":"Kab. Tabalong","kab_label_asli":"Kab. Balangan","kab_dikoreksi":true,"cx":115.444,"cy":-2.1453,"ndmi_arsip":-0.008,"lst_arsip":29.9,"peat_pct":11},"geometry":{"type":"Polygon","coordinates":[[[115.3707,-2.1754],[115.3707,-2.1722],[115.3722,-2.1675],[115.3753,-2.1662],[115.3764,-2.1668],[115.3749,-2.1694],[115.3778,-2.1717],[115.3789,-2.1713],[115.3813,-2.168],[115.3837,-2.1666],[115.3858,-2.167],[115.3859,-2.1698],[115.387,-2.1715],[115.3892,-2.1722],[115.3911,-2.1715],[115.3908,-2.1696],[115.3873,-2.1672],[115.3863,-2.1632],[115.3874,-2.1608],[115.3898,-2.1617],[115.3914,-2.1606],[115.389,-2.155],[115.3909,-2.1543],[115.3943,-2.1511],[115.3945,-2.148],[115.3917,-2.1476],[115.3911,-2.1463],[115.3948,-2.1417],[115.393,-2.1388],[115.3931,-2.1374],[115.3973,-2.1371],[115.3987,-2.1359],[115.3983,-2.1276],[115.4,-2.1263],[115.4027,-2.1281],[115.4065,-2.1279],[115.4092,-2.1268],[115.4096,-2.1251],[115.4067,-2.1249],[115.406,-2.1241],[115.4066,-2.1196],[115.4076,-2.1188],[115.4131,-2.1209],[115.4225,-2.1171],[115.4218,-2.1161],[115.4196,-2.1167],[115.4178,-2.1162],[115.4186,-2.1127],[115.417,-2.1107],[115.4152,-2.111],[115.4153,-2.1144],[115.4143,-2.1152],[115.4132,-2.1104],[115.4099,-2.1107],[115.4113,-2.105],[115.412,-2.1048],[115.4137,-2.1074],[115.4148,-2.1072],[115.4157,-2.1058],[115.4125,-2.1016],[115.4147,-2.0961],[115.4123,-2.0967],[115.4106,-2.0951],[115.4107,-2.0936],[115.4133,-2.0906],[115.4145,-2.0901],[115.4172,-2.093],[115.4174,-2.0901],[115.4183,-2.0898],[115.4202,-2.0934],[115.4234,-2.0951],[115.4324,-2.0943],[115.4509,-2.0773],[115.457,-2.0737],[115.4644,-2.0723],[115.473,-2.0777],[115.4841,-2.081],[115.4934,-2.0823],[115.4994,-2.0876],[115.5033,-2.0885],[115.5052,-2.0898],[115.5063,-2.0915],[115.5066,-2.0957],[115.5082,-2.0976],[115.5116,-2.0979],[115.5176,-2.0962],[115.5193,-2.0979],[115.5207,-2.1018],[115.519,-2.1046],[115.5162,-2.1179],[115.514,-2.1226],[115.5129,-2.1274],[115.5132,-2.1304],[115.5179,-2.1329],[115.5212,-2.1365],[115.5256,-2.139],[115.5297,-2.1435],[115.5369,-2.1435],[115.5402,-2.1446],[115.5452,-2.1619],[115.5496,-2.1646],[115.5513,-2.1646],[115.556,-2.1672],[115.5576,-2.1691],[115.5571,-2.1772],[115.558,-2.1792],[115.5506,-2.1869],[115.544,-2.189],[115.5403,-2.1918],[115.533,-2.1948],[115.5306,-2.1943],[115.5282,-2.1954],[115.5245,-2.1953],[115.5204,-2.1982],[115.5168,-2.1995],[115.5056,-2.2071],[115.4959,-2.2095],[115.4921,-2.2119],[115.4896,-2.2109],[115.4717,-2.2127],[115.4687,-2.2117],[115.4629,-2.2079],[115.4592,-2.207],[115.4568,-2.2081],[115.452,-2.2147],[115.4487,-2.2159],[115.4428,-2.216],[115.4346,-2.2177],[115.4313,-2.2204],[115.4301,-2.2205],[115.4155,-2.2154],[115.4057,-2.2076],[115.4008,-2.2013],[115.3999,-2.1961],[115.3948,-2.1871],[115.3922,-2.1843],[115.386,-2.1808],[115.3788,-2.181],[115.3707,-2.1754]]]}},{"type":"Feature","properties":{"nama_kec":"Juai","kab_id":"balangan","kab_name":"Kab. Balangan","kab_label_asli":"Kab. Hulu Sungai Tengah","kab_dikoreksi":true,"cx":115.5786,"cy":-2.2557,"ndmi_arsip":0.102,"lst_arsip":32.9,"peat_pct":11},"geometry":{"type":"Polygon","coordinates":[[[115.558,-2.1792],[115.5599,-2.1769],[115.5614,-2.1732],[115.5646,-2.1698],[115.5664,-2.1647],[115.568,-2.1628],[115.5711,-2.1611],[115.5729,-2.1611],[115.575,-2.1578],[115.579,-2.156],[115.5807,-2.154],[115.5884,-2.153],[115.597,-2.1451],[115.5986,-2.1506],[115.5966,-2.1561],[115.5992,-2.1667],[115.5939,-2.1795],[115.5969,-2.1835],[115.5985,-2.1882],[115.6016,-2.1902],[115.6038,-2.194],[115.6149,-2.1994],[115.6241,-2.2018],[115.6257,-2.2034],[115.6251,-2.2044],[115.6256,-2.205],[115.6306,-2.2054],[115.6379,-2.2122],[115.6383,-2.2134],[115.6361,-2.218],[115.6261,-2.2345],[115.6218,-2.2505],[115.6188,-2.2504],[115.614,-2.2517],[115.6128,-2.253],[115.6109,-2.2503],[115.6092,-2.2501],[115.6086,-2.2512],[115.6106,-2.2574],[115.6136,-2.2605],[115.6248,-2.2612],[115.6265,-2.2654],[115.6319,-2.2909],[115.6338,-2.2918],[115.6459,-2.2929],[115.6476,-2.2953],[115.6525,-2.3615],[115.6537,-2.3685],[115.6577,-2.3809],[115.6615,-2.3877],[115.6446,-2.3862],[115.6192,-2.3807],[115.609,-2.3773],[115.5962,-2.3712],[115.5737,-2.3647],[115.568,-2.3642],[115.5608,-2.3651],[115.5582,-2.3668],[115.5476,-2.3771],[115.5479,-2.3701],[115.5438,-2.3583],[115.548,-2.3411],[115.5472,-2.3301],[115.5413,-2.3197],[115.5308,-2.3058],[115.5257,-2.2975],[115.5254,-2.2923],[115.5278,-2.2916],[115.5311,-2.2942],[115.5344,-2.2938],[115.5381,-2.2949],[115.5401,-2.2941],[115.5393,-2.291],[115.536,-2.2906],[115.5347,-2.2895],[115.5348,-2.2883],[115.5373,-2.2884],[115.5417,-2.2869],[115.5409,-2.2856],[115.5426,-2.2837],[115.5426,-2.2781],[115.5446,-2.2785],[115.5458,-2.2779],[115.5444,-2.2757],[115.5443,-2.2723],[115.546,-2.2735],[115.5472,-2.2734],[115.5472,-2.2698],[115.5495,-2.2685],[115.5494,-2.2667],[115.5512,-2.2641],[115.5502,-2.2616],[115.5502,-2.243],[115.5486,-2.2297],[115.5469,-2.2251],[115.5395,-2.2124],[115.5396,-2.2005],[115.5385,-2.1973],[115.5355,-2.1935],[115.5403,-2.1918],[115.544,-2.189],[115.5506,-2.1869],[115.558,-2.1792]]]}},{"type":"Feature","properties":{"nama_kec":"Tanta","kab_id":"tabalong","kab_name":"Kab. Tabalong","kab_label_asli":"Kab. Hulu Sungai Tengah","kab_dikoreksi":true,"cx":115.3986,"cy":-2.2224,"ndmi_arsip":0.108,"lst_arsip":33.1,"peat_pct":14},"geometry":{"type":"Polygon","coordinates":[[[115.3283,-2.2204],[115.3294,-2.2194],[115.3298,-2.2177],[115.3271,-2.2168],[115.3264,-2.2157],[115.33,-2.2135],[115.3285,-2.209],[115.3297,-2.2063],[115.3323,-2.2051],[115.3332,-2.2056],[115.3337,-2.208],[115.3348,-2.2088],[115.3372,-2.2076],[115.338,-2.2038],[115.3407,-2.2012],[115.3404,-2.1961],[115.341,-2.1955],[115.3456,-2.1982],[115.3484,-2.1968],[115.3488,-2.1934],[115.3496,-2.1926],[115.3541,-2.1922],[115.3579,-2.1936],[115.3604,-2.1919],[115.3631,-2.1919],[115.3636,-2.1906],[115.3624,-2.1879],[115.3622,-2.1839],[115.3603,-2.1804],[115.3663,-2.1778],[115.3678,-2.176],[115.3707,-2.1754],[115.3788,-2.181],[115.386,-2.1808],[115.3922,-2.1843],[115.3948,-2.1871],[115.3999,-2.1961],[115.4008,-2.2013],[115.4057,-2.2076],[115.4155,-2.2154],[115.4295,-2.2205],[115.4313,-2.2204],[115.4346,-2.2177],[115.4428,-2.216],[115.4487,-2.2159],[115.452,-2.2147],[115.4568,-2.2081],[115.4592,-2.207],[115.4629,-2.2079],[115.4687,-2.2117],[115.4717,-2.2127],[115.4896,-2.2109],[115.4921,-2.2119],[115.4889,-2.216],[115.4889,-2.2201],[115.4864,-2.223],[115.4864,-2.2282],[115.4844,-2.2319],[115.4841,-2.2355],[115.4792,-2.2373],[115.4792,-2.2402],[115.476,-2.2415],[115.4758,-2.2442],[115.4771,-2.2463],[115.4753,-2.2483],[115.4756,-2.2514],[115.4695,-2.2536],[115.4624,-2.2599],[115.4574,-2.2666],[115.4503,-2.2663],[115.446,-2.2676],[115.4441,-2.2715],[115.4373,-2.2709],[115.4222,-2.2846],[115.4071,-2.2924],[115.3978,-2.2946],[115.3898,-2.2982],[115.3832,-2.3033],[115.3712,-2.308],[115.3677,-2.2841],[115.3618,-2.2522],[115.3609,-2.25],[115.3511,-2.2413],[115.3443,-2.2385],[115.3422,-2.2337],[115.3379,-2.2279],[115.333,-2.2225],[115.3283,-2.2204]]]}},{"type":"Feature","properties":{"nama_kec":"Paringin","kab_id":"balangan","kab_name":"Kab. Balangan","kab_label_asli":"Kab. Hulu Sungai Tengah","kab_dikoreksi":true,"cx":115.5074,"cy":-2.2829,"ndmi_arsip":0.11,"lst_arsip":33.2,"peat_pct":15},"geometry":{"type":"Polygon","coordinates":[[[115.4921,-2.2119],[115.4959,-2.2095],[115.5056,-2.2071],[115.5168,-2.1995],[115.5204,-2.1982],[115.5245,-2.1953],[115.5282,-2.1954],[115.5306,-2.1943],[115.533,-2.1948],[115.5355,-2.1935],[115.5391,-2.1983],[115.5395,-2.2124],[115.5469,-2.2251],[115.5486,-2.2297],[115.5502,-2.243],[115.5502,-2.2616],[115.5512,-2.2641],[115.5494,-2.2667],[115.5495,-2.2685],[115.5472,-2.2698],[115.5472,-2.2734],[115.546,-2.2735],[115.5443,-2.2723],[115.5444,-2.2757],[115.5458,-2.2779],[115.5446,-2.2785],[115.5426,-2.2781],[115.5426,-2.2837],[115.5409,-2.2856],[115.5417,-2.2869],[115.5373,-2.2884],[115.5348,-2.2883],[115.5347,-2.2895],[115.536,-2.2906],[115.5393,-2.291],[115.5401,-2.2941],[115.5381,-2.2949],[115.5344,-2.2938],[115.5311,-2.2942],[115.5291,-2.2921],[115.5264,-2.2916],[115.5254,-2.2923],[115.5254,-2.2946],[115.5257,-2.2975],[115.5308,-2.3058],[115.5413,-2.3197],[115.5472,-2.3301],[115.548,-2.3411],[115.5438,-2.3583],[115.5479,-2.3701],[115.5476,-2.3771],[115.5435,-2.3808],[115.5395,-2.3804],[115.5335,-2.3812],[115.5306,-2.3804],[115.5289,-2.3822],[115.5264,-2.3822],[115.5241,-2.3808],[115.5215,-2.3827],[115.5197,-2.3819],[115.517,-2.3827],[115.4738,-2.3815],[115.4429,-2.3816],[115.4219,-2.3634],[115.4176,-2.3588],[115.4159,-2.3377],[115.4176,-2.33],[115.4201,-2.3238],[115.3948,-2.2962],[115.3978,-2.2946],[115.4071,-2.2924],[115.4222,-2.2846],[115.4373,-2.2709],[115.4441,-2.2715],[115.446,-2.2676],[115.4503,-2.2663],[115.4574,-2.2666],[115.4624,-2.2599],[115.4695,-2.2536],[115.4756,-2.2514],[115.4753,-2.2483],[115.4771,-2.2463],[115.4758,-2.2442],[115.476,-2.2415],[115.4792,-2.2402],[115.4792,-2.2373],[115.4841,-2.2355],[115.4844,-2.2319],[115.4864,-2.2282],[115.4864,-2.223],[115.4889,-2.2201],[115.4889,-2.216],[115.4921,-2.2119]]]}},{"type":"Feature","properties":{"nama_kec":"Benua Lawas","kab_id":"tabalong","kab_name":"Kab. Tabalong","kab_label_asli":"Kab. Hulu Sungai Utara","kab_dikoreksi":true,"cx":115.2498,"cy":-2.278,"ndmi_arsip":0.058,"lst_arsip":29.9,"peat_pct":24},"geometry":{"type":"Polygon","coordinates":[[[115.1315,-2.2946],[115.1322,-2.2916],[115.1852,-2.2553],[115.2015,-2.2456],[115.2478,-2.2119],[115.2491,-2.21],[115.2481,-2.2079],[115.2449,-2.2041],[115.2392,-2.2001],[115.2411,-2.1965],[115.2519,-2.205],[115.2642,-2.2224],[115.2644,-2.2416],[115.266,-2.2546],[115.2693,-2.2593],[115.2741,-2.2614],[115.2786,-2.2647],[115.2818,-2.2702],[115.2874,-2.2751],[115.289,-2.2784],[115.29,-2.297],[115.2959,-2.3187],[115.2991,-2.326],[115.2989,-2.3288],[115.3025,-2.3339],[115.3039,-2.3478],[115.3035,-2.3521],[115.2847,-2.3594],[115.2508,-2.354],[115.2407,-2.3495],[115.2133,-2.3399],[115.1819,-2.3208],[115.1315,-2.2946]]]}},{"type":"Feature","properties":{"nama_kec":"Kelua","kab_id":"tabalong","kab_name":"Kab. Tabalong","kab_label_asli":"Kab. Hulu Sungai Tengah","kab_dikoreksi":true,"cx":115.3069,"cy":-2.2542,"ndmi_arsip":0.2,"lst_arsip":36.2,"peat_pct":0},"geometry":{"type":"Polygon","coordinates":[[[115.2646,-2.225],[115.2691,-2.22],[115.2819,-2.2232],[115.2911,-2.224],[115.293,-2.1988],[115.3034,-2.2184],[115.3102,-2.2278],[115.3119,-2.2281],[115.3186,-2.2268],[115.3238,-2.2217],[115.3277,-2.2202],[115.333,-2.2225],[115.3406,-2.2313],[115.3436,-2.2366],[115.3437,-2.2372],[115.3417,-2.2379],[115.3393,-2.243],[115.3375,-2.2443],[115.3331,-2.2452],[115.329,-2.2441],[115.3245,-2.2454],[115.3301,-2.2514],[115.3285,-2.2572],[115.3243,-2.2597],[115.3194,-2.2645],[115.3196,-2.269],[115.3218,-2.2728],[115.323,-2.2768],[115.3223,-2.2791],[115.3192,-2.2808],[115.3164,-2.2843],[115.3147,-2.2895],[115.3132,-2.2895],[115.3104,-2.2917],[115.3066,-2.2964],[115.2952,-2.3071],[115.2927,-2.3068],[115.2906,-2.2996],[115.2896,-2.2942],[115.2895,-2.2804],[115.2874,-2.2751],[115.2818,-2.2702],[115.2786,-2.2647],[115.2741,-2.2614],[115.2693,-2.2593],[115.266,-2.2546],[115.2644,-2.2416],[115.264,-2.2311],[115.2646,-2.225]]]}},{"type":"Feature","properties":{"nama_kec":"Muara Harus","kab_id":"tabalong","kab_name":"Kab. Tabalong","kab_label_asli":"Kab. Hulu Sungai Tengah","kab_dikoreksi":true,"cx":115.3339,"cy":-2.2636,"ndmi_arsip":0.192,"lst_arsip":35.9,"peat_pct":16},"geometry":{"type":"Polygon","coordinates":[[[115.3147,-2.2895],[115.3164,-2.2843],[115.3192,-2.2808],[115.3221,-2.2793],[115.323,-2.2768],[115.3218,-2.2728],[115.3196,-2.269],[115.3194,-2.2645],[115.3243,-2.2597],[115.3285,-2.2572],[115.33,-2.2523],[115.3296,-2.2509],[115.3245,-2.2454],[115.329,-2.2441],[115.3331,-2.2452],[115.3375,-2.2443],[115.3393,-2.243],[115.3417,-2.2379],[115.3437,-2.2372],[115.3443,-2.2385],[115.3524,-2.2422],[115.3607,-2.2498],[115.3618,-2.2522],[115.3677,-2.2841],[115.3712,-2.308],[115.3343,-2.2927],[115.3242,-2.29],[115.3147,-2.2895]]]}},{"type":"Feature","properties":{"nama_kec":"Pugaan","kab_id":"tabalong","kab_name":"Kab. Tabalong","kab_label_asli":"Kab. Hulu Sungai Tengah","kab_dikoreksi":true,"cx":115.322,"cy":-2.3229,"ndmi_arsip":0.21,"lst_arsip":36.5,"peat_pct":5},"geometry":{"type":"Polygon","coordinates":[[[115.2927,-2.3068],[115.295,-2.3072],[115.2966,-2.3065],[115.2977,-2.3043],[115.3013,-2.3018],[115.3093,-2.2927],[115.3132,-2.2895],[115.3242,-2.29],[115.3343,-2.2927],[115.3712,-2.308],[115.3678,-2.3116],[115.3691,-2.3216],[115.3618,-2.324],[115.3597,-2.3263],[115.3565,-2.3363],[115.3506,-2.3399],[115.3439,-2.3419],[115.3358,-2.3428],[115.3244,-2.3457],[115.3208,-2.3459],[115.3194,-2.344],[115.3106,-2.3441],[115.3078,-2.3502],[115.3035,-2.3521],[115.3039,-2.3478],[115.3025,-2.3339],[115.2989,-2.3288],[115.2991,-2.326],[115.2959,-2.3187],[115.2927,-2.3068]]]}},{"type":"Feature","properties":{"nama_kec":"Amuntai Selatan","kab_id":"hsu","kab_name":"Kab. Hulu Sungai Utara","kab_label_asli":"Kab. Hulu Sungai Selatan","kab_dikoreksi":true,"cx":115.1862,"cy":-2.3958,"ndmi_arsip":0.012,"lst_arsip":33.2,"peat_pct":6},"geometry":{"type":"Polygon","coordinates":[[[115.1315,-2.2946],[115.1819,-2.3208],[115.2016,-2.3327],[115.2015,-2.3478],[115.2029,-2.3582],[115.2095,-2.3796],[115.221,-2.3907],[115.2212,-2.393],[115.2243,-2.3994],[115.2373,-2.406],[115.2346,-2.4128],[115.2348,-2.4143],[115.2418,-2.423],[115.2443,-2.4291],[115.2445,-2.4329],[115.2418,-2.4397],[115.2416,-2.4446],[115.2344,-2.4474],[115.2311,-2.4497],[115.2273,-2.4573],[115.2228,-2.459],[115.2154,-2.4501],[115.1819,-2.4263],[115.1747,-2.4254],[115.1704,-2.4258],[115.1581,-2.4303],[115.1483,-2.417],[115.1443,-2.4019],[115.1398,-2.3917],[115.1032,-2.3662],[115.0981,-2.36],[115.0878,-2.3521],[115.0685,-2.3422],[115.0626,-2.3375],[115.1315,-2.2946]]]}},{"type":"Feature","properties":{"nama_kec":"Lampihong","kab_id":"balangan","kab_name":"Kab. Balangan","kab_label_asli":"Kab. Hulu Sungai Tengah","kab_dikoreksi":true,"cx":115.36,"cy":-2.3574,"ndmi_arsip":0.06,"lst_arsip":31.5,"peat_pct":10},"geometry":{"type":"Polygon","coordinates":[[[115.3712,-2.308],[115.3832,-2.3033],[115.3898,-2.2982],[115.3948,-2.2962],[115.4201,-2.3238],[115.4176,-2.33],[115.4159,-2.3377],[115.4176,-2.3588],[115.4185,-2.36],[115.3648,-2.4135],[115.3506,-2.4324],[115.3475,-2.4322],[115.3455,-2.4347],[115.3232,-2.4144],[115.3161,-2.4052],[115.3163,-2.4025],[115.3133,-2.398],[115.3192,-2.3852],[115.3194,-2.3822],[115.3269,-2.371],[115.3323,-2.3693],[115.3356,-2.3649],[115.3415,-2.3471],[115.341,-2.3425],[115.3506,-2.3399],[115.3565,-2.3363],[115.3597,-2.3263],[115.3618,-2.324],[115.3691,-2.3216],[115.3678,-2.3116],[115.3712,-2.308]]]}},{"type":"Feature","properties":{"nama_kec":"Pamukan Utara","kab_id":"kotabaru","kab_name":"Kab. Kotabaru","kab_label_asli":"Kab. Kotabaru","kab_dikoreksi":false,"cx":116.1931,"cy":-2.413,"ndmi_arsip":-0.124,"lst_arsip":36.7,"peat_pct":18},"geometry":{"type":"Polygon","coordinates":[[[115.8355,-2.3879],[115.8352,-2.3897],[115.8376,-2.3896],[115.8517,-2.3877],[115.8557,-2.3859],[115.871,-2.3718],[115.877,-2.3704],[115.8843,-2.3746],[115.8869,-2.3745],[115.8877,-2.3727],[115.8863,-2.368],[115.8869,-2.361],[115.8915,-2.3493],[115.8894,-2.3386],[115.8903,-2.3356],[115.8917,-2.3345],[115.8954,-2.333],[115.8995,-2.3327],[115.9111,-2.3362],[115.9299,-2.3305],[115.9419,-2.3288],[115.9671,-2.3197],[115.9836,-2.3125],[115.9844,-2.3124],[115.9904,-2.3168],[115.9927,-2.3175],[115.9975,-2.3172],[116.0078,-2.313],[116.0176,-2.3148],[116.186,-2.321],[116.25,-2.3167],[116.2637,-2.3223],[116.3204,-2.3414],[116.3774,-2.3557],[116.4545,-2.3705],[116.4928,-2.381],[116.5389,-2.4],[116.5324,-2.4041],[116.5161,-2.4015],[116.5076,-2.4036],[116.5057,-2.4073],[116.5069,-2.4165],[116.5048,-2.4185],[116.4949,-2.422],[116.4892,-2.427],[116.4864,-2.4281],[116.4823,-2.4281],[116.4701,-2.4227],[116.4595,-2.4258],[116.4456,-2.4245],[116.4407,-2.4255],[116.4372,-2.4293],[116.4328,-2.4308],[116.4301,-2.4352],[116.4311,-2.4362],[116.4308,-2.4374],[116.4265,-2.4353],[116.4248,-2.4382],[116.4142,-2.4367],[116.4101,-2.4373],[116.4061,-2.4404],[116.4037,-2.4436],[116.4002,-2.4523],[116.3933,-2.4526],[116.392,-2.4533],[116.3912,-2.4553],[116.395,-2.4608],[116.3952,-2.4658],[116.3936,-2.468],[116.3859,-2.4714],[116.3803,-2.4714],[116.3741,-2.4752],[116.3701,-2.4736],[116.3645,-2.4794],[116.363,-2.4796],[116.3575,-2.4786],[116.3502,-2.4748],[116.3494,-2.4751],[116.3395,-2.4947],[116.3383,-2.4966],[116.3354,-2.4988],[116.3331,-2.4962],[116.3304,-2.4968],[116.3314,-2.495],[116.3294,-2.4937],[116.3245,-2.4924],[116.3213,-2.4933],[116.3174,-2.4913],[116.2495,-2.4856],[116.0239,-2.4565],[115.9958,-2.4611],[115.9376,-2.465],[115.9277,-2.46],[115.8911,-2.4539],[115.8035,-2.4501],[115.791,-2.4487],[115.7922,-2.4406],[115.7908,-2.4353],[115.8124,-2.4047],[115.8161,-2.4017],[115.821,-2.395],[115.8355,-2.3879]]]}},{"type":"Feature","properties":{"nama_kec":"Amuntai Utara","kab_id":"hsu","kab_name":"Kab. Hulu Sungai Utara","kab_label_asli":"Kab. Hulu Sungai Tengah","kab_dikoreksi":true,"cx":115.2809,"cy":-2.3759,"ndmi_arsip":0.056,"lst_arsip":31.4,"peat_pct":8},"geometry":{"type":"Polygon","coordinates":[[[115.3035,-2.3521],[115.3078,-2.3502],[115.3106,-2.3441],[115.3194,-2.344],[115.3208,-2.3459],[115.3244,-2.3457],[115.3358,-2.3428],[115.341,-2.3425],[115.3415,-2.3471],[115.3356,-2.3649],[115.3323,-2.3693],[115.3269,-2.371],[115.3194,-2.3822],[115.3192,-2.3852],[115.3133,-2.398],[115.3124,-2.396],[115.3094,-2.3958],[115.3069,-2.397],[115.3017,-2.3952],[115.2962,-2.401],[115.2833,-2.4044],[115.2659,-2.4119],[115.259,-2.413],[115.2538,-2.4148],[115.2507,-2.4142],[115.2476,-2.4087],[115.2424,-2.408],[115.2373,-2.406],[115.2243,-2.3994],[115.2212,-2.393],[115.221,-2.3907],[115.2095,-2.3796],[115.2029,-2.3582],[115.2015,-2.3478],[115.2016,-2.3327],[115.2141,-2.3403],[115.2528,-2.3545],[115.2847,-2.3594],[115.3035,-2.3521]]]}},{"type":"Feature","properties":{"nama_kec":"Danau Panggang","kab_id":"hsu","kab_name":"Kab. Hulu Sungai Utara","kab_label_asli":"Kab. Hulu Sungai Selatan","kab_dikoreksi":true,"cx":115.0211,"cy":-2.4518,"ndmi_arsip":-0.022,"lst_arsip":32.1,"peat_pct":9},"geometry":{"type":"Polygon","coordinates":[[[115.0626,-2.3375],[115.0685,-2.3422],[115.0878,-2.3521],[115.0981,-2.36],[115.1032,-2.3662],[115.1398,-2.3917],[115.1443,-2.4019],[115.1483,-2.417],[115.162,-2.4348],[115.1645,-2.44],[115.164,-2.4431],[115.1585,-2.4491],[115.1593,-2.4542],[115.1637,-2.4597],[115.1609,-2.482],[115.1613,-2.4886],[115.104,-2.4872],[115.0766,-2.4882],[115.0654,-2.49],[115.0595,-2.4925],[115.0537,-2.4978],[115.0494,-2.5061],[115.0481,-2.5162],[114.9951,-2.4998],[114.915,-2.5194],[114.9046,-2.5188],[114.8899,-2.5147],[114.8778,-2.5254],[114.872,-2.5282],[114.8607,-2.5215],[114.8635,-2.5193],[114.8672,-2.5141],[114.8879,-2.4998],[114.8899,-2.4955],[114.8935,-2.4913],[114.8949,-2.4815],[114.9,-2.4765],[114.9025,-2.4713],[114.9129,-2.4605],[114.9188,-2.456],[114.9778,-2.4213],[114.9932,-2.4096],[115.0088,-2.3939],[115.0249,-2.3691],[115.0336,-2.3585],[115.0419,-2.3512],[115.0626,-2.3375]]]}},{"type":"Feature","properties":{"nama_kec":"Batumandi","kab_id":"balangan","kab_name":"Kab. Balangan","kab_label_asli":"Kab. Hulu Sungai Tengah","kab_dikoreksi":true,"cx":115.4468,"cy":-2.4368,"ndmi_arsip":0.098,"lst_arsip":32.8,"peat_pct":9},"geometry":{"type":"Polygon","coordinates":[[[115.4185,-2.36],[115.4421,-2.3813],[115.4738,-2.3815],[115.4724,-2.4025],[115.4692,-2.4322],[115.5135,-2.454],[115.5245,-2.4569],[115.542,-2.4583],[115.5441,-2.4595],[115.5434,-2.4638],[115.5284,-2.4835],[115.5,-2.474],[115.4773,-2.468],[115.439,-2.4657],[115.4257,-2.461],[115.4212,-2.4613],[115.4125,-2.4571],[115.397,-2.4514],[115.352,-2.4377],[115.3455,-2.4347],[115.3475,-2.4322],[115.3506,-2.4324],[115.3648,-2.4135],[115.4185,-2.36]]]}},{"type":"Feature","properties":{"nama_kec":"Awayan","kab_id":"balangan","kab_name":"Kab. Balangan","kab_label_asli":"Kab. Hulu Sungai Tengah","kab_dikoreksi":true,"cx":115.6474,"cy":-2.4575,"ndmi_arsip":0.152,"lst_arsip":34.6,"peat_pct":16},"geometry":{"type":"Polygon","coordinates":[[[115.4738,-2.3815],[115.517,-2.3827],[115.5197,-2.3819],[115.5215,-2.3827],[115.5241,-2.3808],[115.5264,-2.3822],[115.5289,-2.3822],[115.5306,-2.3804],[115.5335,-2.3812],[115.5395,-2.3804],[115.5435,-2.3808],[115.5582,-2.3668],[115.5608,-2.3651],[115.568,-2.3642],[115.5737,-2.3647],[115.5962,-2.3712],[115.609,-2.3773],[115.6192,-2.3807],[115.6446,-2.3862],[115.6649,-2.3884],[115.6731,-2.3918],[115.6815,-2.3965],[115.6874,-2.4009],[115.6932,-2.4069],[115.6953,-2.4079],[115.7012,-2.4064],[115.7035,-2.4066],[115.7053,-2.4052],[115.7076,-2.4051],[115.7084,-2.4074],[115.7141,-2.4076],[115.7181,-2.4115],[115.7222,-2.4128],[115.7242,-2.4125],[115.727,-2.4093],[115.7289,-2.409],[115.7289,-2.4106],[115.7274,-2.4117],[115.728,-2.4137],[115.7275,-2.4149],[115.7286,-2.4167],[115.7297,-2.417],[115.7334,-2.4151],[115.7377,-2.4169],[115.7412,-2.4125],[115.7445,-2.4123],[115.7481,-2.4131],[115.7514,-2.41],[115.7574,-2.4159],[115.7587,-2.4178],[115.7599,-2.4239],[115.7698,-2.435],[115.7724,-2.439],[115.7849,-2.4478],[115.791,-2.4487],[115.79,-2.457],[115.7911,-2.4613],[115.7905,-2.4684],[115.7944,-2.4787],[115.7856,-2.496],[115.782,-2.5141],[115.7501,-2.5357],[115.7456,-2.5401],[115.7388,-2.5595],[115.7409,-2.5675],[115.7401,-2.5701],[115.7323,-2.5783],[115.7306,-2.5827],[115.7261,-2.5876],[115.7216,-2.5898],[115.6897,-2.5904],[115.6758,-2.581],[115.6728,-2.5778],[115.6717,-2.5679],[115.6739,-2.5601],[115.6684,-2.5526],[115.6642,-2.5507],[115.651,-2.55],[115.6528,-2.5431],[115.6592,-2.5367],[115.6633,-2.5263],[115.663,-2.5213],[115.6642,-2.517],[115.6575,-2.5103],[115.645,-2.5115],[115.6314,-2.5108],[115.6265,-2.5098],[115.6179,-2.5103],[115.6018,-2.5065],[115.5928,-2.5018],[115.5908,-2.497],[115.5856,-2.4899],[115.5862,-2.4835],[115.5835,-2.4812],[115.581,-2.482],[115.5733,-2.491],[115.5707,-2.4916],[115.5685,-2.4907],[115.5696,-2.4889],[115.5692,-2.4873],[115.5456,-2.4862],[115.5434,-2.4853],[115.5434,-2.4826],[115.5425,-2.4824],[115.5347,-2.491],[115.5301,-2.4952],[115.5294,-2.4945],[115.5284,-2.4835],[115.5434,-2.4638],[115.5442,-2.4598],[115.542,-2.4583],[115.5299,-2.4578],[115.5187,-2.4557],[115.5135,-2.454],[115.4692,-2.4322],[115.4724,-2.4025],[115.4738,-2.3815]]]}},{"type":"Feature","properties":{"nama_kec":"Amuntai tengah","kab_id":"hsu","kab_name":"Kab. Hulu Sungai Utara","kab_label_asli":"Kab. Hulu Sungai Selatan","kab_dikoreksi":true,"cx":115.2743,"cy":-2.4557,"ndmi_arsip":0.076,"lst_arsip":35.4,"peat_pct":18},"geometry":{"type":"Polygon","coordinates":[[[115.2373,-2.406],[115.2424,-2.408],[115.2473,-2.4085],[115.25,-2.4138],[115.2538,-2.4148],[115.259,-2.413],[115.2659,-2.4119],[115.2833,-2.4044],[115.2962,-2.401],[115.3017,-2.3952],[115.3069,-2.397],[115.3094,-2.3958],[115.3124,-2.396],[115.3163,-2.4025],[115.3161,-2.4052],[115.3232,-2.4144],[115.3447,-2.4342],[115.352,-2.4377],[115.397,-2.4515],[115.384,-2.4847],[115.3791,-2.4923],[115.3764,-2.494],[115.3744,-2.4944],[115.3618,-2.4929],[115.3491,-2.4828],[115.3076,-2.4998],[115.3049,-2.5006],[115.2917,-2.5012],[115.2859,-2.5153],[115.2844,-2.5163],[115.2716,-2.5183],[115.2603,-2.518],[115.25,-2.521],[115.2275,-2.5311],[115.2266,-2.5303],[115.225,-2.5245],[115.2257,-2.5171],[115.2274,-2.5099],[115.2333,-2.4973],[115.2352,-2.4842],[115.2339,-2.4801],[115.2268,-2.4745],[115.2216,-2.4647],[115.2239,-2.4614],[115.2228,-2.459],[115.2275,-2.4571],[115.2297,-2.4516],[115.2311,-2.4497],[115.2344,-2.4474],[115.241,-2.4452],[115.2421,-2.4438],[115.2416,-2.4404],[115.2445,-2.4329],[115.2443,-2.4291],[115.2418,-2.423],[115.2348,-2.4143],[115.2346,-2.4128],[115.2373,-2.406]]]}},{"type":"Feature","properties":{"nama_kec":"Pamukan Selatan","kab_id":"kotabaru","kab_name":"Kab. Kotabaru","kab_label_asli":"Kab. Kotabaru","kab_dikoreksi":false,"cx":116.4682,"cy":-2.4797,"ndmi_arsip":-0.21,"lst_arsip":33.8,"peat_pct":15},"geometry":{"type":"Polygon","coordinates":[[[116.5389,-2.4],[116.541,-2.402],[116.5423,-2.4015],[116.5486,-2.4021],[116.5479,-2.4051],[116.5501,-2.4051],[116.5517,-2.4064],[116.5497,-2.4072],[116.5496,-2.409],[116.5502,-2.4094],[116.5523,-2.4081],[116.5543,-2.4086],[116.5548,-2.4107],[116.5521,-2.422],[116.5525,-2.4252],[116.5481,-2.4373],[116.5463,-2.4406],[116.5449,-2.4405],[116.5461,-2.4426],[116.5434,-2.4536],[116.5434,-2.4567],[116.5454,-2.4578],[116.5457,-2.4591],[116.5409,-2.4691],[116.539,-2.4709],[116.5397,-2.4734],[116.5376,-2.4793],[116.5323,-2.4875],[116.5299,-2.4931],[116.5259,-2.5107],[116.5249,-2.518],[116.5281,-2.5236],[116.53,-2.5246],[116.5306,-2.5269],[116.5298,-2.5333],[116.5307,-2.5353],[116.5328,-2.5362],[116.5323,-2.5383],[116.5266,-2.5427],[116.519,-2.5514],[116.5173,-2.5553],[116.5175,-2.5594],[116.5123,-2.5635],[116.5022,-2.5664],[116.4995,-2.5663],[116.4956,-2.5683],[116.4948,-2.5695],[116.4936,-2.5692],[116.4821,-2.5725],[116.4817,-2.5689],[116.4806,-2.5675],[116.4808,-2.5637],[116.4828,-2.5608],[116.4821,-2.5527],[116.4801,-2.5512],[116.4803,-2.5494],[116.4773,-2.5487],[116.4799,-2.5398],[116.4796,-2.5323],[116.4764,-2.523],[116.4782,-2.5177],[116.4773,-2.5118],[116.4724,-2.5077],[116.4659,-2.5047],[116.4581,-2.502],[116.449,-2.5004],[116.4402,-2.5003],[116.4334,-2.4986],[116.4167,-2.4989],[116.4136,-2.4965],[116.4145,-2.5008],[116.4134,-2.505],[116.4137,-2.5071],[116.4095,-2.5174],[116.3991,-2.5263],[116.3966,-2.527],[116.3887,-2.5236],[116.384,-2.5226],[116.3736,-2.5225],[116.3612,-2.5246],[116.3593,-2.5223],[116.3531,-2.5184],[116.3502,-2.5092],[116.3436,-2.5058],[116.3411,-2.5021],[116.3402,-2.4988],[116.3383,-2.4966],[116.3494,-2.4751],[116.3502,-2.4748],[116.3575,-2.4786],[116.363,-2.4796],[116.3645,-2.4794],[116.3701,-2.4736],[116.3741,-2.4752],[116.3803,-2.4714],[116.3859,-2.4714],[116.3936,-2.468],[116.3952,-2.4658],[116.395,-2.4608],[116.3912,-2.4553],[116.392,-2.4533],[116.3933,-2.4526],[116.4002,-2.4523],[116.4037,-2.4436],[116.4061,-2.4404],[116.4101,-2.4373],[116.4142,-2.4367],[116.4248,-2.4382],[116.4265,-2.4353],[116.4308,-2.4374],[116.4311,-2.4362],[116.4301,-2.4352],[116.4328,-2.4308],[116.4372,-2.4293],[116.4407,-2.4255],[116.4456,-2.4245],[116.4595,-2.4258],[116.4701,-2.4227],[116.4823,-2.4281],[116.4864,-2.4281],[116.4892,-2.427],[116.4949,-2.422],[116.5048,-2.4185],[116.5069,-2.4165],[116.5057,-2.4073],[116.5076,-2.4036],[116.5161,-2.4015],[116.5324,-2.4041],[116.5389,-2.4]]]}},{"type":"Feature","properties":{"nama_kec":"Sungai Pandan","kab_id":"hsu","kab_name":"Kab. Hulu Sungai Utara","kab_label_asli":"Kab. Hulu Sungai Selatan","kab_dikoreksi":true,"cx":115.1895,"cy":-2.4815,"ndmi_arsip":-0.016,"lst_arsip":32.3,"peat_pct":12},"geometry":{"type":"Polygon","coordinates":[[[115.1581,-2.4303],[115.1696,-2.426],[115.1747,-2.4254],[115.1819,-2.4263],[115.1874,-2.43],[115.217,-2.4516],[115.2239,-2.4606],[115.2216,-2.4653],[115.2259,-2.4732],[115.2275,-2.4752],[115.2339,-2.4801],[115.235,-2.4831],[115.2333,-2.4973],[115.2274,-2.5099],[115.2257,-2.5171],[115.225,-2.5245],[115.2266,-2.5303],[115.2275,-2.5311],[115.2058,-2.5426],[115.1808,-2.5529],[115.1831,-2.5369],[115.1835,-2.5285],[115.1799,-2.5183],[115.1778,-2.5169],[115.1671,-2.5164],[115.1643,-2.515],[115.1626,-2.5025],[115.1628,-2.4957],[115.1613,-2.4886],[115.1609,-2.482],[115.1636,-2.4589],[115.1597,-2.4551],[115.1584,-2.4505],[115.1591,-2.4477],[115.1631,-2.4443],[115.1647,-2.4418],[115.1631,-2.4365],[115.1581,-2.4303]]]}},{"type":"Feature","properties":{"nama_kec":"Sungai Durian","kab_id":"kotabaru","kab_name":"Kab. Kotabaru","kab_label_asli":"Kab. Kotabaru","kab_dikoreksi":false,"cx":116.1423,"cy":-2.5418,"ndmi_arsip":-0.174,"lst_arsip":35.0,"peat_pct":13},"geometry":{"type":"Polygon","coordinates":[[[115.791,-2.4487],[115.8035,-2.4501],[115.8911,-2.4539],[115.9277,-2.46],[115.9376,-2.465],[115.9958,-2.4611],[116.0239,-2.4565],[116.2495,-2.4856],[116.296,-2.4893],[116.2939,-2.4934],[116.2866,-2.5001],[116.2807,-2.5102],[116.2787,-2.5162],[116.2788,-2.5183],[116.2811,-2.5192],[116.2808,-2.5212],[116.2818,-2.5228],[116.2801,-2.5255],[116.2783,-2.5261],[116.2775,-2.5274],[116.2789,-2.529],[116.2814,-2.529],[116.2813,-2.5301],[116.28,-2.5308],[116.2779,-2.5295],[116.2759,-2.5326],[116.273,-2.5312],[116.2699,-2.5312],[116.2675,-2.5325],[116.2651,-2.5353],[116.2603,-2.5375],[116.2593,-2.5375],[116.2558,-2.5318],[116.2562,-2.529],[116.2548,-2.5269],[116.2574,-2.5245],[116.257,-2.5219],[116.258,-2.5194],[116.2593,-2.5192],[116.2603,-2.5204],[116.2613,-2.5204],[116.2625,-2.5177],[116.2608,-2.5199],[116.259,-2.5188],[116.2577,-2.5191],[116.2566,-2.5247],[116.2543,-2.5266],[116.2557,-2.5299],[116.2556,-2.5319],[116.2583,-2.5365],[116.2577,-2.5372],[116.253,-2.5358],[116.246,-2.5275],[116.2429,-2.5261],[116.2447,-2.5255],[116.2444,-2.5237],[116.2424,-2.5222],[116.2437,-2.5187],[116.2456,-2.5166],[116.2448,-2.5153],[116.243,-2.5165],[116.2415,-2.516],[116.2426,-2.517],[116.2451,-2.5162],[116.2419,-2.5223],[116.2443,-2.5251],[116.2428,-2.5253],[116.2415,-2.5243],[116.2326,-2.5284],[116.2282,-2.5255],[116.2247,-2.5248],[116.221,-2.5248],[116.2136,-2.5275],[116.2048,-2.5281],[116.2041,-2.5273],[116.2041,-2.5228],[116.2027,-2.5208],[116.2012,-2.52],[116.1993,-2.5201],[116.198,-2.521],[116.1974,-2.5243],[116.1913,-2.5261],[116.1913,-2.5254],[116.1932,-2.5246],[116.1936,-2.5233],[116.1928,-2.5224],[116.1872,-2.5213],[116.1872,-2.5181],[116.1857,-2.5161],[116.1841,-2.5154],[116.1822,-2.5164],[116.1824,-2.5186],[116.1811,-2.5192],[116.1797,-2.5179],[116.1785,-2.518],[116.1798,-2.5183],[116.1804,-2.5194],[116.1768,-2.5191],[116.1746,-2.5222],[116.1738,-2.5215],[116.1743,-2.5198],[116.1727,-2.5202],[116.1713,-2.5183],[116.1707,-2.5198],[116.1697,-2.5187],[116.1683,-2.5197],[116.1674,-2.518],[116.1665,-2.5187],[116.1645,-2.5179],[116.1635,-2.5185],[116.1632,-2.5168],[116.1609,-2.5183],[116.1598,-2.5178],[116.1588,-2.5157],[116.1576,-2.517],[116.1569,-2.5161],[116.1552,-2.5178],[116.156,-2.5182],[116.157,-2.5166],[116.1578,-2.5173],[116.1586,-2.5165],[116.1608,-2.5191],[116.1629,-2.5175],[116.163,-2.5187],[116.1663,-2.5194],[116.1673,-2.5188],[116.1692,-2.5208],[116.1697,-2.5196],[116.1707,-2.5207],[116.171,-2.5189],[116.1724,-2.5207],[116.1737,-2.5202],[116.1736,-2.5219],[116.1747,-2.5227],[116.1772,-2.5196],[116.1793,-2.5205],[116.1818,-2.5193],[116.1837,-2.5198],[116.1842,-2.5183],[116.1826,-2.5168],[116.1839,-2.516],[116.1865,-2.5181],[116.1868,-2.5218],[116.1925,-2.5237],[116.1923,-2.5246],[116.1909,-2.5247],[116.1901,-2.5259],[116.1907,-2.527],[116.1924,-2.5273],[116.198,-2.5254],[116.199,-2.524],[116.199,-2.5213],[116.2014,-2.5213],[116.2036,-2.5228],[116.2034,-2.5268],[116.2045,-2.5295],[116.2041,-2.5307],[116.2021,-2.5318],[116.1999,-2.5356],[116.2024,-2.532],[116.2042,-2.5315],[116.2059,-2.5291],[116.2075,-2.5284],[116.2131,-2.529],[116.2189,-2.5267],[116.2245,-2.5261],[116.2281,-2.5269],[116.2313,-2.53],[116.2326,-2.5302],[116.2358,-2.5282],[116.2391,-2.5273],[116.2412,-2.528],[116.242,-2.5302],[116.2451,-2.5325],[116.2452,-2.5342],[116.2416,-2.5338],[116.241,-2.5309],[116.2376,-2.5304],[116.2385,-2.5315],[116.238,-2.5306],[116.2411,-2.5316],[116.2409,-2.5336],[116.2418,-2.5345],[116.2436,-2.534],[116.2453,-2.5347],[116.2458,-2.5337],[116.2447,-2.5313],[116.2419,-2.5293],[116.2422,-2.5282],[116.2448,-2.5289],[116.2464,-2.5303],[116.2512,-2.5382],[116.2538,-2.5392],[116.2578,-2.5394],[116.2654,-2.5378],[116.2676,-2.5415],[116.2629,-2.5481],[116.2582,-2.5517],[116.2558,-2.5514],[116.2503,-2.5479],[116.2491,-2.5482],[116.249,-2.5498],[116.2469,-2.5496],[116.2444,-2.5511],[116.1817,-2.5916],[116.1753,-2.5985],[116.1719,-2.6115],[116.1725,-2.6362],[116.1582,-2.7043],[116.1559,-2.7123],[116.1325,-2.7003],[116.1191,-2.6974],[116.0898,-2.6848],[116.0863,-2.6844],[116.0718,-2.6934],[116.0665,-2.698],[116.0595,-2.7072],[116.0538,-2.7124],[116.0375,-2.7223],[116.0122,-2.7321],[116.0041,-2.7335],[115.9977,-2.7328],[115.9823,-2.6694],[115.8898,-2.657],[115.7434,-2.6591],[115.7359,-2.6581],[115.7254,-2.6591],[115.7189,-2.6573],[115.7266,-2.644],[115.7269,-2.6417],[115.7257,-2.6388],[115.7137,-2.6302],[115.7089,-2.6298],[115.7069,-2.6251],[115.7021,-2.6206],[115.6883,-2.6145],[115.6768,-2.6131],[115.6897,-2.5904],[115.7216,-2.5898],[115.7241,-2.589],[115.7275,-2.5864],[115.7306,-2.5827],[115.7323,-2.5783],[115.7401,-2.5701],[115.7409,-2.5675],[115.7388,-2.5595],[115.7456,-2.5401],[115.7501,-2.5357],[115.782,-2.5141],[115.7856,-2.496],[115.7944,-2.4787],[115.7905,-2.4684],[115.7911,-2.4613],[115.79,-2.457],[115.791,-2.4487]]]}},{"type":"Feature","properties":{"nama_kec":"Batang Alai Utara","kab_id":"hst","kab_name":"Kab. Hulu Sungai Tengah","kab_label_asli":"Kab. Hulu Sungai Tengah","kab_dikoreksi":false,"cx":115.4379,"cy":-2.5094,"ndmi_arsip":0.108,"lst_arsip":33.1,"peat_pct":14},"geometry":{"type":"Polygon","coordinates":[[[115.397,-2.4515],[115.4125,-2.4571],[115.4212,-2.4613],[115.4257,-2.461],[115.439,-2.4657],[115.4773,-2.468],[115.5,-2.474],[115.5284,-2.4835],[115.529,-2.4939],[115.5301,-2.4952],[115.5284,-2.4999],[115.5287,-2.5014],[115.5254,-2.5058],[115.5199,-2.5112],[115.5164,-2.5184],[115.5157,-2.5216],[115.5131,-2.5251],[115.5,-2.5306],[115.4909,-2.531],[115.4871,-2.5295],[115.4739,-2.5278],[115.4703,-2.5258],[115.4692,-2.5235],[115.4661,-2.5215],[115.4611,-2.5204],[115.4337,-2.5313],[115.4307,-2.5351],[115.429,-2.5357],[115.4257,-2.5351],[115.4236,-2.5337],[115.4194,-2.5365],[115.4176,-2.5364],[115.4136,-2.5337],[115.4065,-2.5344],[115.4032,-2.5308],[115.4001,-2.5301],[115.3962,-2.5327],[115.392,-2.5377],[115.3825,-2.5383],[115.3762,-2.5398],[115.3701,-2.5318],[115.3612,-2.5221],[115.3532,-2.5069],[115.3512,-2.4989],[115.3491,-2.4828],[115.3618,-2.4929],[115.3744,-2.4944],[115.3775,-2.4934],[115.3791,-2.4923],[115.384,-2.4847],[115.397,-2.4515]]]}},{"type":"Feature","properties":{"nama_kec":"Batang Alai Selatan","kab_id":"hst","kab_name":"Kab. Hulu Sungai Tengah","kab_label_asli":"Kab. Hulu Sungai Tengah","kab_dikoreksi":false,"cx":115.5671,"cy":-2.5841,"ndmi_arsip":0.212,"lst_arsip":36.6,"peat_pct":6},"geometry":{"type":"Polygon","coordinates":[[[115.5,-2.5304],[115.5131,-2.5251],[115.5147,-2.5235],[115.5199,-2.5112],[115.5254,-2.5058],[115.5287,-2.5014],[115.5284,-2.4999],[115.5301,-2.4952],[115.5347,-2.491],[115.5406,-2.4837],[115.5429,-2.4823],[115.5434,-2.4853],[115.5456,-2.4862],[115.5692,-2.4873],[115.5696,-2.4889],[115.5685,-2.4907],[115.5707,-2.4916],[115.5733,-2.491],[115.581,-2.482],[115.5835,-2.4812],[115.5862,-2.4835],[115.5856,-2.4899],[115.5908,-2.497],[115.5928,-2.5018],[115.6018,-2.5065],[115.6179,-2.5103],[115.6265,-2.5098],[115.6314,-2.5108],[115.645,-2.5115],[115.6575,-2.5103],[115.6642,-2.517],[115.663,-2.5213],[115.6633,-2.5263],[115.6592,-2.5367],[115.6528,-2.5431],[115.651,-2.55],[115.6642,-2.5507],[115.6684,-2.5526],[115.6739,-2.5601],[115.6717,-2.5679],[115.6728,-2.5778],[115.6758,-2.581],[115.6897,-2.5904],[115.6768,-2.6131],[115.6883,-2.6145],[115.7021,-2.6206],[115.7069,-2.6251],[115.7089,-2.6298],[115.7137,-2.6302],[115.7264,-2.6394],[115.7266,-2.644],[115.7159,-2.6636],[115.7117,-2.6687],[115.708,-2.6767],[115.7081,-2.6796],[115.7143,-2.6907],[115.7141,-2.6916],[115.7092,-2.6958],[115.7079,-2.7002],[115.7062,-2.7022],[115.6927,-2.7104],[115.684,-2.7093],[115.6797,-2.7102],[115.6749,-2.7152],[115.671,-2.7173],[115.6668,-2.718],[115.6603,-2.717],[115.6455,-2.712],[115.6263,-2.7122],[115.5992,-2.7223],[115.5915,-2.7158],[115.5867,-2.713],[115.5802,-2.7116],[115.5737,-2.7121],[115.5741,-2.7005],[115.5718,-2.6943],[115.5713,-2.6858],[115.5689,-2.6705],[115.5694,-2.6647],[115.5679,-2.6594],[115.5633,-2.6477],[115.5566,-2.6407],[115.551,-2.6258],[115.5453,-2.6181],[115.544,-2.6136],[115.5363,-2.6066],[115.533,-2.6043],[115.5167,-2.5986],[115.5089,-2.5978],[115.5046,-2.5962],[115.5,-2.5931],[115.4961,-2.5934],[115.4921,-2.5974],[115.4836,-2.5985],[115.4732,-2.6028],[115.4677,-2.6027],[115.4605,-2.5993],[115.4503,-2.5902],[115.4411,-2.5864],[115.433,-2.5863],[115.4234,-2.5807],[115.42,-2.5798],[115.4059,-2.5785],[115.4081,-2.5657],[115.4071,-2.5621],[115.4047,-2.5599],[115.4042,-2.5574],[115.4077,-2.5472],[115.4079,-2.5412],[115.4065,-2.5344],[115.4136,-2.5337],[115.4176,-2.5364],[115.4194,-2.5365],[115.4236,-2.5337],[115.4257,-2.5351],[115.429,-2.5357],[115.4307,-2.5351],[115.4337,-2.5313],[115.4611,-2.5204],[115.4661,-2.5215],[115.4692,-2.5235],[115.4703,-2.5258],[115.4739,-2.5278],[115.4871,-2.5295],[115.4909,-2.531],[115.5,-2.5304]]]}},{"type":"Feature","properties":{"nama_kec":"Pandawan","kab_id":"hst","kab_name":"Kab. Hulu Sungai Tengah","kab_label_asli":"Kab. Hulu Sungai Tengah","kab_dikoreksi":false,"cx":115.3285,"cy":-2.5652,"ndmi_arsip":0.102,"lst_arsip":32.9,"peat_pct":11},"geometry":{"type":"Polygon","coordinates":[[[115.3491,-2.4828],[115.3512,-2.4989],[115.3532,-2.5069],[115.3612,-2.5221],[115.3701,-2.5318],[115.3762,-2.5398],[115.3745,-2.5424],[115.3737,-2.5463],[115.372,-2.5486],[115.3631,-2.5546],[115.362,-2.5587],[115.3632,-2.5635],[115.367,-2.5696],[115.3714,-2.5792],[115.3718,-2.5847],[115.3708,-2.5883],[115.3687,-2.5901],[115.3585,-2.5919],[115.3549,-2.5914],[115.3504,-2.5922],[115.3455,-2.5949],[115.3426,-2.599],[115.343,-2.6026],[115.3474,-2.6059],[115.3447,-2.6116],[115.3434,-2.6128],[115.3389,-2.6134],[115.3314,-2.6162],[115.3255,-2.6203],[115.321,-2.621],[115.3148,-2.6235],[115.3127,-2.6225],[115.3133,-2.6168],[115.3156,-2.611],[115.3286,-2.6035],[115.3291,-2.5981],[115.3281,-2.5951],[115.3247,-2.591],[115.3228,-2.5898],[115.3046,-2.584],[115.2846,-2.5731],[115.2672,-2.5535],[115.2538,-2.5403],[115.242,-2.5353],[115.2275,-2.5311],[115.25,-2.521],[115.2603,-2.518],[115.2716,-2.5183],[115.2844,-2.5163],[115.2859,-2.5153],[115.2917,-2.5012],[115.3049,-2.5006],[115.3076,-2.4998],[115.3491,-2.4828]]]}},{"type":"Feature","properties":{"nama_kec":"Babirik","kab_id":"hsu","kab_name":"Kab. Hulu Sungai Utara","kab_label_asli":"Kab. Hulu Sungai Selatan","kab_dikoreksi":true,"cx":115.1345,"cy":-2.5155,"ndmi_arsip":-0.006,"lst_arsip":32.6,"peat_pct":17},"geometry":{"type":"Polygon","coordinates":[[[115.1613,-2.4886],[115.1628,-2.4957],[115.1626,-2.5025],[115.1643,-2.515],[115.1671,-2.5164],[115.1778,-2.5169],[115.1799,-2.5183],[115.1835,-2.5285],[115.1831,-2.5369],[115.1808,-2.5529],[115.1752,-2.5576],[115.1523,-2.5485],[115.1483,-2.5479],[115.1422,-2.5489],[115.0481,-2.5162],[115.0494,-2.5061],[115.0537,-2.4978],[115.0595,-2.4925],[115.0654,-2.49],[115.0766,-2.4882],[115.104,-2.4872],[115.1613,-2.4886]]]}},{"type":"Feature","properties":{"nama_kec":"Sampanahan","kab_id":"kotabaru","kab_name":"Kab. Kotabaru","kab_label_asli":"Kab. Kotabaru","kab_dikoreksi":false,"cx":116.3113,"cy":-2.5135,"ndmi_arsip":-0.076,"lst_arsip":38.3,"peat_pct":2},"geometry":{"type":"Polygon","coordinates":[[[116.296,-2.4893],[116.3174,-2.4913],[116.3213,-2.4933],[116.3251,-2.4925],[116.3294,-2.4937],[116.3311,-2.495],[116.3298,-2.496],[116.33,-2.4972],[116.3331,-2.4965],[116.3339,-2.4986],[116.3352,-2.4992],[116.3389,-2.4975],[116.3406,-2.5022],[116.3434,-2.5066],[116.3435,-2.509],[116.3416,-2.5109],[116.3396,-2.5084],[116.3354,-2.5081],[116.334,-2.512],[116.3357,-2.5089],[116.3401,-2.5095],[116.3405,-2.5114],[116.3414,-2.5117],[116.3431,-2.5109],[116.3444,-2.5085],[116.3467,-2.5084],[116.3503,-2.5113],[116.3518,-2.5152],[116.3519,-2.5182],[116.3449,-2.5274],[116.3374,-2.5333],[116.3335,-2.5336],[116.328,-2.5311],[116.3164,-2.5301],[116.312,-2.5253],[116.3099,-2.5241],[116.3012,-2.5235],[116.3005,-2.5214],[116.3012,-2.5203],[116.3114,-2.5123],[116.3116,-2.5108],[116.3098,-2.5114],[116.309,-2.5106],[116.3079,-2.5075],[116.3087,-2.5065],[116.3077,-2.5071],[116.3078,-2.5082],[116.3089,-2.5114],[116.3104,-2.5125],[116.3057,-2.5154],[116.3007,-2.5199],[116.2968,-2.5184],[116.2949,-2.5167],[116.2937,-2.5126],[116.2957,-2.5104],[116.2946,-2.5105],[116.2937,-2.5119],[116.2896,-2.51],[116.2929,-2.5124],[116.2952,-2.5185],[116.2983,-2.5204],[116.2982,-2.5216],[116.2912,-2.5314],[116.2834,-2.5358],[116.2796,-2.5363],[116.2765,-2.5329],[116.2781,-2.5302],[116.2804,-2.5315],[116.2826,-2.5293],[116.2813,-2.5282],[116.279,-2.5286],[116.2781,-2.5272],[116.2801,-2.5265],[116.2824,-2.5225],[116.2811,-2.521],[116.2811,-2.5192],[116.2788,-2.5183],[116.2787,-2.5162],[116.2807,-2.5102],[116.2866,-2.5001],[116.2939,-2.4934],[116.296,-2.4893]]]}},{"type":"Feature","properties":{"nama_kec":"Daha Utara","kab_id":"hss","kab_name":"Kab. Hulu Sungai Selatan","kab_label_asli":"Kab. Hulu Sungai Selatan","kab_dikoreksi":false,"cx":115.0965,"cy":-2.5859,"ndmi_arsip":0.026,"lst_arsip":33.7,"peat_pct":13},"geometry":{"type":"Polygon","coordinates":[[[114.9024,-2.5183],[114.915,-2.5194],[114.9951,-2.4998],[115.0481,-2.5162],[115.1422,-2.5489],[115.1483,-2.5479],[115.1523,-2.5485],[115.1752,-2.5576],[115.1671,-2.567],[115.161,-2.5677],[115.1554,-2.5661],[115.1492,-2.5681],[115.1497,-2.5695],[115.1545,-2.5734],[115.1617,-2.5904],[115.1622,-2.5999],[115.1578,-2.611],[115.1568,-2.6087],[115.1549,-2.6078],[115.152,-2.608],[115.1492,-2.6131],[115.142,-2.6171],[115.1402,-2.6175],[115.1323,-2.6142],[115.1302,-2.6144],[115.1286,-2.6156],[115.1277,-2.6175],[115.1267,-2.6223],[115.1203,-2.6295],[115.1119,-2.6312],[115.1064,-2.6298],[115.0936,-2.634],[115.0905,-2.6274],[115.0111,-2.6082],[114.9942,-2.601],[114.9838,-2.5955],[114.9595,-2.5776],[114.9514,-2.5699],[114.9024,-2.5183]]]}},{"type":"Feature","properties":{"nama_kec":"Daha Selatan","kab_id":"hss","kab_name":"Kab. Hulu Sungai Selatan","kab_label_asli":"Kab. Tapin","kab_dikoreksi":true,"cx":115.0699,"cy":-2.6604,"ndmi_arsip":-0.08,"lst_arsip":35.2,"peat_pct":15},"geometry":{"type":"Polygon","coordinates":[[[114.8607,-2.5215],[114.872,-2.5282],[114.8801,-2.5236],[114.8894,-2.5148],[114.8925,-2.5151],[114.9024,-2.5183],[114.9514,-2.5699],[114.9595,-2.5776],[114.9838,-2.5955],[114.9942,-2.601],[115.0111,-2.6082],[115.0905,-2.6274],[115.0936,-2.634],[115.1064,-2.6298],[115.1119,-2.6312],[115.1191,-2.6301],[115.1236,-2.6265],[115.1267,-2.6223],[115.1277,-2.6175],[115.1286,-2.6156],[115.1302,-2.6144],[115.1323,-2.6142],[115.1379,-2.6171],[115.142,-2.6171],[115.1492,-2.6131],[115.152,-2.608],[115.1549,-2.6078],[115.1568,-2.6087],[115.1578,-2.611],[115.1639,-2.6154],[115.1659,-2.6266],[115.169,-2.629],[115.1713,-2.6357],[115.1751,-2.6378],[115.1795,-2.638],[115.1808,-2.6398],[115.1797,-2.6438],[115.1755,-2.6906],[115.1619,-2.6996],[115.1551,-2.7022],[115.1421,-2.7112],[115.1355,-2.7167],[115.1257,-2.7318],[115.1018,-2.7498],[115.0929,-2.7551],[115.0741,-2.7693],[115.0729,-2.7717],[115.0723,-2.7853],[115.0697,-2.7833],[115.0664,-2.7828],[115.0596,-2.7847],[115.0547,-2.7839],[115.0481,-2.7854],[115.0434,-2.7853],[115.0246,-2.7796],[115.0206,-2.7773],[114.9981,-2.7571],[114.9926,-2.7499],[114.9859,-2.7388],[114.9838,-2.7378],[114.9819,-2.7348],[114.983,-2.7338],[114.8607,-2.5215]]]}},{"type":"Feature","properties":{"nama_kec":"Kuripan","kab_id":"baritokuala","kab_name":"Kab. Barito Kuala","kab_label_asli":"Kab. Tapin","kab_dikoreksi":true,"cx":114.7881,"cy":-2.6885,"ndmi_arsip":-0.028,"lst_arsip":36.9,"peat_pct":21},"geometry":{"type":"Polygon","coordinates":[[[114.7604,-2.7213],[114.7631,-2.7166],[114.7676,-2.7034],[114.7714,-2.6971],[114.7741,-2.6937],[114.7818,-2.688],[114.7864,-2.6835],[114.7907,-2.67],[114.7934,-2.6512],[114.7917,-2.6305],[114.7927,-2.6146],[114.7937,-2.6039],[114.7968,-2.5923],[114.8023,-2.5831],[114.8073,-2.5784],[114.8197,-2.5715],[114.837,-2.5587],[114.8425,-2.5499],[114.8465,-2.5396],[114.8517,-2.5296],[114.8553,-2.5252],[114.8607,-2.5215],[114.8541,-2.5452],[114.8043,-2.7434],[114.7571,-2.7864],[114.7506,-2.7939],[114.7355,-2.8069],[114.6989,-2.7946],[114.703,-2.7911],[114.7083,-2.7846],[114.7214,-2.7642],[114.7332,-2.7418],[114.7402,-2.7354],[114.7496,-2.7297],[114.7594,-2.7275],[114.7608,-2.7251],[114.7604,-2.7213]]]}},{"type":"Feature","properties":{"nama_kec":"Candilaras Utara","kab_id":"tapin","kab_name":"Kab. Tapin","kab_label_asli":"Kab. Tapin","kab_dikoreksi":false,"cx":114.8812,"cy":-2.8485,"ndmi_arsip":-0.026,"lst_arsip":37.0,"peat_pct":22},"geometry":{"type":"Polygon","coordinates":[[[114.8043,-2.7434],[114.8541,-2.5452],[114.8607,-2.5215],[114.983,-2.7338],[114.9819,-2.7348],[114.9838,-2.7378],[114.9859,-2.7388],[114.9926,-2.7499],[114.9981,-2.7571],[115.0036,-2.7626],[115.0146,-2.7714],[114.9742,-2.7895],[114.9284,-2.8192],[114.9268,-2.8198],[114.9148,-2.8201],[114.8914,-2.8522],[114.8882,-2.8581],[114.8879,-2.859],[114.8888,-2.8598],[114.9275,-2.876],[114.9349,-2.8805],[114.9311,-2.8826],[114.9295,-2.888],[114.9216,-2.9753],[114.8275,-3.0154],[114.824,-3.011],[114.8148,-3.0071],[114.8158,-2.9989],[114.8151,-2.9896],[114.8126,-2.985],[114.8072,-2.9778],[114.8086,-2.9743],[114.8049,-2.9698],[114.8024,-2.941],[114.8111,-2.9326],[114.8133,-2.9323],[114.8151,-2.9302],[114.8396,-2.8746],[114.84,-2.8709],[114.8116,-2.8069],[114.8097,-2.7972],[114.8045,-2.7513],[114.8043,-2.7434]]]}},{"type":"Feature","properties":{"nama_kec":"Barabai","kab_id":"hst","kab_name":"Kab. Hulu Sungai Tengah","kab_label_asli":"Kab. Hulu Sungai Tengah","kab_dikoreksi":false,"cx":115.3825,"cy":-2.5823,"ndmi_arsip":0.14,"lst_arsip":34.2,"peat_pct":10},"geometry":{"type":"Polygon","coordinates":[[[115.3762,-2.5398],[115.3825,-2.5383],[115.392,-2.5377],[115.3962,-2.5327],[115.4001,-2.5301],[115.4032,-2.5308],[115.4051,-2.5321],[115.4074,-2.5377],[115.4077,-2.5472],[115.4042,-2.5574],[115.4047,-2.5599],[115.4071,-2.5621],[115.4081,-2.5657],[115.4039,-2.5922],[115.4143,-2.599],[115.4216,-2.6074],[115.4214,-2.6109],[115.4183,-2.6154],[115.4134,-2.6194],[115.4089,-2.62],[115.4031,-2.6194],[115.3956,-2.6213],[115.3894,-2.6263],[115.3869,-2.6273],[115.3848,-2.626],[115.3858,-2.6196],[115.3846,-2.6142],[115.3819,-2.6112],[115.3799,-2.6063],[115.3803,-2.5966],[115.3757,-2.597],[115.3706,-2.5997],[115.3505,-2.6031],[115.348,-2.6047],[115.3474,-2.6059],[115.343,-2.6026],[115.3426,-2.599],[115.3455,-2.5949],[115.3504,-2.5922],[115.3549,-2.5914],[115.3585,-2.5919],[115.3667,-2.5905],[115.3687,-2.5901],[115.3708,-2.5883],[115.3718,-2.5847],[115.3714,-2.5792],[115.367,-2.5696],[115.3632,-2.5635],[115.362,-2.5587],[115.3631,-2.5546],[115.372,-2.5486],[115.3737,-2.5463],[115.3745,-2.5424],[115.3762,-2.5398]]]}},{"type":"Feature","properties":{"nama_kec":"Sampanahan","kab_id":"kotabaru","kab_name":"Kab. Kotabaru","kab_label_asli":"Kab. Kotabaru","kab_dikoreksi":false,"cx":116.2721,"cy":-2.5373,"ndmi_arsip":-0.076,"lst_arsip":38.3,"peat_pct":2},"geometry":{"type":"Polygon","coordinates":[[[116.2723,-2.5424],[116.2676,-2.5375],[116.2669,-2.5347],[116.268,-2.5331],[116.2725,-2.5318],[116.2766,-2.5345],[116.2786,-2.5373],[116.2744,-2.5416],[116.2723,-2.5424]]]}},{"type":"Feature","properties":{"nama_kec":"Labuan Amas Utara","kab_id":"hst","kab_name":"Kab. Hulu Sungai Tengah","kab_label_asli":"Kab. Hulu Sungai Selatan","kab_dikoreksi":true,"cx":115.2303,"cy":-2.6052,"ndmi_arsip":-0.004,"lst_arsip":32.7,"peat_pct":18},"geometry":{"type":"Polygon","coordinates":[[[115.1808,-2.5529],[115.2058,-2.5426],[115.2274,-2.5311],[115.242,-2.5353],[115.2538,-2.5403],[115.2672,-2.5535],[115.2846,-2.5731],[115.3046,-2.584],[115.3228,-2.5898],[115.3281,-2.5951],[115.3291,-2.5981],[115.3286,-2.6035],[115.3156,-2.611],[115.3133,-2.6168],[115.3127,-2.6225],[115.3148,-2.6235],[115.316,-2.6267],[115.3184,-2.6347],[115.3183,-2.6381],[115.3175,-2.6392],[115.3132,-2.6397],[115.3096,-2.6383],[115.2942,-2.6387],[115.2675,-2.6463],[115.2593,-2.6471],[115.2085,-2.6488],[115.2012,-2.6417],[115.1958,-2.64],[115.1926,-2.6346],[115.1889,-2.6326],[115.1848,-2.6331],[115.1808,-2.6356],[115.179,-2.6356],[115.1785,-2.6377],[115.1751,-2.6378],[115.1727,-2.6367],[115.1708,-2.6349],[115.169,-2.629],[115.1659,-2.6266],[115.1639,-2.6154],[115.1578,-2.611],[115.1622,-2.5999],[115.1617,-2.5904],[115.1545,-2.5734],[115.1497,-2.5695],[115.1492,-2.5681],[115.1554,-2.5661],[115.161,-2.5677],[115.1671,-2.567],[115.1752,-2.5576],[115.1808,-2.5529]]]}},{"type":"Feature","properties":{"nama_kec":"Sampanahan","kab_id":"kotabaru","kab_name":"Kab. Kotabaru","kab_label_asli":"Kab. Kotabaru","kab_dikoreksi":false,"cx":116.2576,"cy":-2.6297,"ndmi_arsip":-0.076,"lst_arsip":38.3,"peat_pct":2},"geometry":{"type":"Polygon","coordinates":[[[116.249,-2.5498],[116.2491,-2.5487],[116.2502,-2.5484],[116.2557,-2.5524],[116.2603,-2.5525],[116.2606,-2.5512],[116.2643,-2.5481],[116.2667,-2.5474],[116.2649,-2.5472],[116.2678,-2.5436],[116.2694,-2.5436],[116.2719,-2.5452],[116.2743,-2.55],[116.2749,-2.5496],[116.2732,-2.5475],[116.2731,-2.5455],[116.2777,-2.5452],[116.2802,-2.5472],[116.2823,-2.5446],[116.2841,-2.5458],[116.2865,-2.5449],[116.2857,-2.5488],[116.2846,-2.547],[116.284,-2.5474],[116.2857,-2.5494],[116.2873,-2.5462],[116.2868,-2.5443],[116.2841,-2.5452],[116.2822,-2.5439],[116.2804,-2.5464],[116.2759,-2.5442],[116.2799,-2.5405],[116.2832,-2.5389],[116.2995,-2.5329],[116.3022,-2.5327],[116.3045,-2.5385],[116.3035,-2.554],[116.3048,-2.5612],[116.3028,-2.56],[116.3011,-2.5607],[116.3011,-2.5621],[116.3026,-2.5639],[116.3022,-2.5658],[116.301,-2.5651],[116.2999,-2.5622],[116.2957,-2.5631],[116.2954,-2.5617],[116.2972,-2.5604],[116.2953,-2.5612],[116.295,-2.5627],[116.2954,-2.5637],[116.2995,-2.5626],[116.3003,-2.565],[116.3019,-2.5665],[116.3034,-2.5646],[116.3016,-2.5607],[116.303,-2.5609],[116.3048,-2.5629],[116.305,-2.5671],[116.2978,-2.5681],[116.296,-2.5696],[116.2944,-2.5747],[116.2905,-2.5761],[116.2893,-2.576],[116.2888,-2.5726],[116.2875,-2.5713],[116.2893,-2.5765],[116.295,-2.5752],[116.2951,-2.5778],[116.2935,-2.5796],[116.2931,-2.582],[116.2905,-2.584],[116.2889,-2.5864],[116.2894,-2.5896],[116.2868,-2.5909],[116.2903,-2.5908],[116.2908,-2.594],[116.2871,-2.5938],[116.2822,-2.5954],[116.2792,-2.5946],[116.2768,-2.5869],[116.2758,-2.5874],[116.2732,-2.5865],[116.2719,-2.5832],[116.2726,-2.5864],[116.277,-2.5885],[116.2757,-2.5903],[116.2755,-2.5934],[116.2735,-2.5934],[116.2708,-2.5905],[116.2677,-2.5924],[116.267,-2.5896],[116.2651,-2.5907],[116.2637,-2.59],[116.2649,-2.591],[116.267,-2.59],[116.2668,-2.5921],[116.2675,-2.5928],[116.2689,-2.5927],[116.2707,-2.5911],[116.2714,-2.5914],[116.2744,-2.5943],[116.2758,-2.5938],[116.2762,-2.5903],[116.2773,-2.5901],[116.2789,-2.5959],[116.284,-2.5962],[116.2881,-2.5947],[116.2919,-2.6006],[116.2906,-2.6055],[116.2887,-2.6077],[116.2855,-2.6096],[116.2876,-2.6155],[116.283,-2.6196],[116.2822,-2.6167],[116.2804,-2.6154],[116.283,-2.6131],[116.2817,-2.6119],[116.2791,-2.6137],[116.2792,-2.611],[116.2781,-2.6093],[116.279,-2.6071],[116.2775,-2.6086],[116.2788,-2.6111],[116.279,-2.6141],[116.2821,-2.613],[116.2798,-2.6153],[116.2817,-2.6177],[116.2812,-2.6215],[116.2802,-2.6223],[116.2778,-2.6204],[116.2745,-2.6147],[116.27,-2.6097],[116.2695,-2.6067],[116.2625,-2.6016],[116.263,-2.6032],[116.2679,-2.6069],[116.269,-2.6121],[116.2673,-2.6126],[116.2652,-2.6148],[116.2586,-2.6155],[116.2569,-2.6173],[116.2573,-2.6183],[116.256,-2.6188],[116.2554,-2.6125],[116.2546,-2.6106],[116.2551,-2.6138],[116.254,-2.616],[116.255,-2.6163],[116.2546,-2.6197],[116.2552,-2.6199],[116.2576,-2.6192],[116.2605,-2.616],[116.2655,-2.6157],[116.2701,-2.6141],[116.2715,-2.6141],[116.2732,-2.6155],[116.2735,-2.6184],[116.2728,-2.6201],[116.2689,-2.6233],[116.2718,-2.6237],[116.2727,-2.625],[116.2714,-2.6263],[116.2722,-2.6264],[116.273,-2.6245],[116.2714,-2.6224],[116.2728,-2.6225],[116.2739,-2.6248],[116.2771,-2.6268],[116.2782,-2.6316],[116.2758,-2.633],[116.2752,-2.6355],[116.272,-2.6381],[116.2629,-2.6378],[116.256,-2.6347],[116.2503,-2.6292],[116.2464,-2.6197],[116.2399,-2.6172],[116.2379,-2.6153],[116.2343,-2.6146],[116.2294,-2.6175],[116.2239,-2.6223],[116.2148,-2.6247],[116.2128,-2.6239],[116.2108,-2.6212],[116.2111,-2.6151],[116.2079,-2.6133],[116.2073,-2.6144],[116.2085,-2.6182],[116.2076,-2.6196],[116.204,-2.6198],[116.2035,-2.6169],[116.1978,-2.6169],[116.1961,-2.6183],[116.1983,-2.6206],[116.1958,-2.6203],[116.1956,-2.623],[116.1948,-2.624],[116.1926,-2.6243],[116.19,-2.6227],[116.1882,-2.6231],[116.1879,-2.6248],[116.1892,-2.6281],[116.188,-2.6299],[116.187,-2.63],[116.1869,-2.6274],[116.1852,-2.626],[116.1824,-2.6263],[116.1814,-2.6294],[116.1791,-2.6282],[116.1762,-2.6283],[116.1759,-2.6292],[116.1776,-2.6303],[116.1778,-2.6323],[116.1746,-2.6359],[116.1757,-2.6366],[116.1783,-2.6326],[116.1784,-2.6287],[116.1793,-2.6287],[116.1806,-2.6302],[116.182,-2.6301],[116.1828,-2.6269],[116.1851,-2.6264],[116.1863,-2.6274],[116.1867,-2.6306],[116.1886,-2.6306],[116.1898,-2.6287],[116.1885,-2.6249],[116.1891,-2.6233],[116.194,-2.6255],[116.196,-2.6247],[116.1977,-2.6259],[116.1983,-2.6255],[116.1975,-2.6236],[116.1984,-2.6237],[116.1995,-2.6275],[116.2006,-2.6277],[116.2021,-2.6257],[116.202,-2.6295],[116.2068,-2.632],[116.2079,-2.6317],[116.2089,-2.6291],[116.211,-2.6308],[116.2124,-2.6307],[116.2154,-2.6255],[116.2262,-2.6233],[116.234,-2.617],[116.2374,-2.6171],[116.2457,-2.6227],[116.2466,-2.6245],[116.241,-2.6229],[116.2383,-2.6273],[116.2388,-2.6286],[116.241,-2.6301],[116.2402,-2.6319],[116.2383,-2.6334],[116.2365,-2.6336],[116.2342,-2.6329],[116.2323,-2.6306],[116.231,-2.6307],[116.2302,-2.6311],[116.2304,-2.6336],[116.2291,-2.6338],[116.2292,-2.6323],[116.229,-2.6343],[116.2306,-2.6338],[116.2314,-2.631],[116.2328,-2.6315],[116.2337,-2.6331],[116.236,-2.6339],[116.239,-2.6334],[116.2417,-2.6309],[116.2411,-2.6293],[116.239,-2.6273],[116.2419,-2.6237],[116.2466,-2.6257],[116.2475,-2.6289],[116.2464,-2.6291],[116.2471,-2.6337],[116.2457,-2.6367],[116.2437,-2.6369],[116.241,-2.6354],[116.2379,-2.6366],[116.2377,-2.6384],[116.2386,-2.6397],[116.2411,-2.6404],[116.2391,-2.6427],[116.238,-2.6475],[116.2354,-2.6511],[116.2378,-2.6485],[116.2396,-2.6423],[116.2415,-2.6406],[116.2412,-2.6396],[116.2387,-2.6388],[116.2382,-2.638],[116.2389,-2.6366],[116.2409,-2.636],[116.243,-2.6373],[116.2472,-2.6379],[116.2505,-2.645],[116.261,-2.6508],[116.2603,-2.655],[116.2578,-2.66],[116.2516,-2.6668],[116.2491,-2.6672],[116.2429,-2.6651],[116.2372,-2.6644],[116.236,-2.6633],[116.2349,-2.6636],[116.2348,-2.6624],[116.2331,-2.6665],[116.231,-2.6675],[116.2299,-2.6665],[116.2282,-2.6669],[116.2297,-2.6671],[116.2301,-2.6682],[116.2253,-2.6739],[116.2187,-2.6715],[116.2168,-2.6676],[116.2135,-2.6651],[116.2141,-2.6669],[116.216,-2.6673],[116.2179,-2.6718],[116.2246,-2.6745],[116.2235,-2.6774],[116.2203,-2.6764],[116.2183,-2.678],[116.2166,-2.6776],[116.2168,-2.6783],[116.2206,-2.6773],[116.221,-2.6791],[116.2217,-2.6776],[116.2232,-2.6783],[116.2255,-2.6763],[116.2271,-2.6805],[116.2169,-2.6856],[116.2147,-2.688],[116.2135,-2.6881],[116.212,-2.6861],[116.2091,-2.6863],[116.2088,-2.6869],[116.2123,-2.6868],[116.2127,-2.6878],[116.2099,-2.691],[116.2098,-2.6962],[116.2041,-2.6981],[116.2018,-2.6997],[116.2019,-2.7046],[116.2002,-2.7039],[116.1992,-2.7052],[116.1968,-2.7054],[116.1953,-2.7065],[116.1965,-2.7066],[116.1985,-2.7091],[116.197,-2.7059],[116.2006,-2.7044],[116.2017,-2.7052],[116.2026,-2.7036],[116.2024,-2.6997],[116.2105,-2.6963],[116.2115,-2.69],[116.2154,-2.6884],[116.2171,-2.6886],[116.217,-2.6898],[116.2149,-2.6913],[116.2154,-2.694],[116.2145,-2.6964],[116.2158,-2.6945],[116.2155,-2.6913],[116.2178,-2.6894],[116.2179,-2.6864],[116.2192,-2.6853],[116.2226,-2.6847],[116.2224,-2.6862],[116.2236,-2.688],[116.2212,-2.6937],[116.2225,-2.6926],[116.2235,-2.6896],[116.225,-2.6904],[116.2253,-2.6896],[116.2233,-2.6867],[116.2237,-2.684],[116.2257,-2.6834],[116.2292,-2.6806],[116.2299,-2.681],[116.2297,-2.6846],[116.2335,-2.6893],[116.2355,-2.6964],[116.2341,-2.6974],[116.2309,-2.6973],[116.2302,-2.699],[116.231,-2.6995],[116.2309,-2.6978],[116.235,-2.6976],[116.2361,-2.6956],[116.2345,-2.6899],[116.2304,-2.6832],[116.2314,-2.6799],[116.231,-2.6771],[116.2294,-2.6741],[116.231,-2.6707],[116.2344,-2.6679],[116.2378,-2.6665],[116.2413,-2.6675],[116.2411,-2.6698],[116.2428,-2.6715],[116.2372,-2.6768],[116.2394,-2.6765],[116.2401,-2.678],[116.2419,-2.6777],[116.2399,-2.6806],[116.2425,-2.6782],[116.2422,-2.6773],[116.2448,-2.6768],[116.2467,-2.6794],[116.2443,-2.6798],[116.2439,-2.6829],[116.2452,-2.6829],[116.2455,-2.6825],[116.2445,-2.6828],[116.2447,-2.68],[116.2467,-2.6805],[116.247,-2.6794],[116.2456,-2.6769],[116.2425,-2.6765],[116.2409,-2.6777],[116.2398,-2.6767],[116.2399,-2.6745],[116.2434,-2.6715],[116.2434,-2.6704],[116.2419,-2.6691],[116.2423,-2.6678],[116.2464,-2.6696],[116.2518,-2.6702],[116.257,-2.6649],[116.2626,-2.656],[116.2681,-2.6523],[116.2706,-2.6489],[116.2717,-2.643],[116.2742,-2.6415],[116.2756,-2.6395],[116.2787,-2.638],[116.2814,-2.6352],[116.2854,-2.63],[116.2878,-2.6252],[116.314,-2.6084],[116.3146,-2.6083],[116.3151,-2.6109],[116.3149,-2.6161],[116.3207,-2.6187],[116.3227,-2.6208],[116.322,-2.6226],[116.3174,-2.6267],[116.3206,-2.6321],[116.322,-2.6331],[116.3271,-2.633],[116.3302,-2.6353],[116.3319,-2.6342],[116.3336,-2.6309],[116.3347,-2.6306],[116.3379,-2.6323],[116.3411,-2.6304],[116.3416,-2.6277],[116.344,-2.6271],[116.3475,-2.6238],[116.3482,-2.6207],[116.3468,-2.6239],[116.3433,-2.6268],[116.3411,-2.6275],[116.3406,-2.6303],[116.3389,-2.6316],[116.3339,-2.6304],[116.3303,-2.6344],[116.3276,-2.6326],[116.3228,-2.6322],[116.3209,-2.6313],[116.3187,-2.6271],[116.3227,-2.6226],[116.3234,-2.6207],[116.3199,-2.6174],[116.3158,-2.6156],[116.3153,-2.6135],[116.3161,-2.6083],[116.3178,-2.6021],[116.3219,-2.6],[116.3239,-2.601],[116.3264,-2.5988],[116.328,-2.5996],[116.3279,-2.5987],[116.3263,-2.5983],[116.3237,-2.6005],[116.3223,-2.5992],[116.3276,-2.5922],[116.3295,-2.5817],[116.3316,-2.5797],[116.3325,-2.5822],[116.335,-2.583],[116.3329,-2.5855],[116.3353,-2.5837],[116.3351,-2.5823],[116.3325,-2.5816],[116.3318,-2.5786],[116.3377,-2.5686],[116.3395,-2.5662],[116.3419,-2.5661],[116.3406,-2.5656],[116.3409,-2.565],[116.3431,-2.5627],[116.3441,-2.5629],[116.3438,-2.5616],[116.3533,-2.5533],[116.3561,-2.5497],[116.3564,-2.5518],[116.3569,-2.5674],[116.3563,-2.6006],[116.3546,-2.6188],[116.3516,-2.6244],[116.3423,-2.6343],[116.3415,-2.6406],[116.3386,-2.6502],[116.3268,-2.6798],[116.3135,-2.7007],[116.3096,-2.7038],[116.3067,-2.7083],[116.3024,-2.717],[116.2982,-2.7219],[116.297,-2.7244],[116.296,-2.73],[116.2892,-2.7427],[116.2812,-2.7525],[116.2776,-2.7625],[116.2778,-2.7643],[116.2819,-2.7758],[116.2841,-2.7775],[116.2798,-2.7786],[116.2595,-2.7705],[116.25,-2.7709],[116.237,-2.7503],[116.2345,-2.7486],[116.2019,-2.7342],[116.1618,-2.7157],[116.1559,-2.7123],[116.1582,-2.7043],[116.1725,-2.6362],[116.1719,-2.6115],[116.1753,-2.5985],[116.1817,-2.5916],[116.2444,-2.5511],[116.2469,-2.5496],[116.249,-2.5498]]]}},{"type":"Feature","properties":{"nama_kec":"Sampanahan","kab_id":"kotabaru","kab_name":"Kab. Kotabaru","kab_label_asli":"Kab. Kotabaru","kab_dikoreksi":false,"cx":116.3045,"cy":-2.5797,"ndmi_arsip":-0.076,"lst_arsip":38.3,"peat_pct":2},"geometry":{"type":"Polygon","coordinates":[[[116.2885,-2.6146],[116.2863,-2.6101],[116.292,-2.6053],[116.2927,-2.5996],[116.2899,-2.5952],[116.2913,-2.5946],[116.2913,-2.5917],[116.2934,-2.5931],[116.2955,-2.593],[116.296,-2.5947],[116.2953,-2.5962],[116.2963,-2.5968],[116.2957,-2.5961],[116.2962,-2.5933],[116.2924,-2.5913],[116.2939,-2.5905],[116.2932,-2.5895],[116.2922,-2.5907],[116.2914,-2.5901],[116.2903,-2.5866],[116.2909,-2.5853],[116.294,-2.583],[116.2947,-2.5807],[116.2966,-2.5794],[116.2987,-2.5836],[116.3045,-2.5843],[116.3048,-2.5859],[116.3024,-2.587],[116.3045,-2.5868],[116.3068,-2.5885],[116.3071,-2.5914],[116.308,-2.5905],[116.307,-2.5882],[116.3051,-2.5871],[116.3052,-2.5839],[116.2987,-2.5827],[116.2979,-2.5796],[116.2969,-2.5786],[116.2964,-2.5752],[116.2967,-2.5726],[116.2986,-2.5697],[116.3047,-2.5688],[116.3071,-2.5663],[116.3054,-2.551],[116.3064,-2.5401],[116.3088,-2.5365],[116.3113,-2.5358],[116.3173,-2.542],[116.3229,-2.5531],[116.3211,-2.5549],[116.3203,-2.5578],[116.3171,-2.5613],[116.3171,-2.5627],[116.3137,-2.5697],[116.3104,-2.5728],[116.3101,-2.5739],[116.3068,-2.5755],[116.3066,-2.5765],[116.3072,-2.5755],[116.31,-2.5748],[116.3117,-2.5729],[116.3134,-2.5729],[116.3141,-2.5749],[116.3162,-2.5746],[116.3143,-2.5745],[116.3133,-2.5715],[116.3184,-2.5615],[116.3195,-2.5597],[116.321,-2.5595],[116.323,-2.5614],[116.3239,-2.5659],[116.3238,-2.5755],[116.3223,-2.5824],[116.3198,-2.5881],[116.3162,-2.593],[116.3098,-2.5974],[116.2913,-2.6142],[116.2885,-2.6146]]]}},{"type":"Feature","properties":{"nama_kec":"Pamukan Selatan","kab_id":"kotabaru","kab_name":"Kab. Kotabaru","kab_label_asli":"Kab. Kotabaru","kab_dikoreksi":false,"cx":116.3528,"cy":-2.6586,"ndmi_arsip":-0.21,"lst_arsip":33.8,"peat_pct":15},"geometry":{"type":"Polygon","coordinates":[[[116.3561,-2.5497],[116.3575,-2.5503],[116.3582,-2.5516],[116.3588,-2.5618],[116.3597,-2.5633],[116.3668,-2.5652],[116.3731,-2.5649],[116.3765,-2.5674],[116.3776,-2.5672],[116.3788,-2.5697],[116.3843,-2.5733],[116.3912,-2.5843],[116.3932,-2.5848],[116.396,-2.582],[116.3977,-2.5823],[116.398,-2.581],[116.4135,-2.5782],[116.4135,-2.577],[116.4144,-2.5769],[116.4155,-2.5779],[116.4116,-2.5874],[116.4006,-2.6012],[116.3805,-2.6305],[116.3725,-2.6477],[116.3685,-2.6599],[116.3662,-2.6719],[116.3651,-2.6727],[116.3663,-2.6737],[116.3658,-2.6818],[116.3664,-2.6837],[116.3627,-2.7015],[116.3622,-2.707],[116.3628,-2.7072],[116.361,-2.7174],[116.3599,-2.72],[116.3599,-2.7324],[116.3593,-2.7334],[116.3579,-2.7335],[116.3591,-2.7336],[116.3597,-2.7348],[116.3593,-2.7635],[116.3526,-2.7681],[116.3274,-2.7663],[116.3192,-2.767],[116.2908,-2.7736],[116.2841,-2.7775],[116.2819,-2.7758],[116.2778,-2.7643],[116.2776,-2.7625],[116.2812,-2.7525],[116.2892,-2.7427],[116.296,-2.73],[116.297,-2.7244],[116.2982,-2.7219],[116.3024,-2.717],[116.3067,-2.7083],[116.3096,-2.7038],[116.3135,-2.7007],[116.3268,-2.6798],[116.3386,-2.6502],[116.3415,-2.6406],[116.3423,-2.6343],[116.3516,-2.6244],[116.3546,-2.6188],[116.3563,-2.6006],[116.3569,-2.5674],[116.3561,-2.5497]]]}},{"type":"Feature","properties":{"nama_kec":"Batu Benawa","kab_id":"hst","kab_name":"Kab. Hulu Sungai Tengah","kab_label_asli":"Kab. Hulu Sungai Tengah","kab_dikoreksi":false,"cx":115.4636,"cy":-2.6763,"ndmi_arsip":0.188,"lst_arsip":35.8,"peat_pct":14},"geometry":{"type":"Polygon","coordinates":[[[115.4059,-2.5785],[115.42,-2.5798],[115.4234,-2.5807],[115.433,-2.5863],[115.4411,-2.5864],[115.4503,-2.5902],[115.4605,-2.5993],[115.4677,-2.6027],[115.4732,-2.6028],[115.4836,-2.5985],[115.4921,-2.5974],[115.4961,-2.5934],[115.5,-2.5931],[115.5046,-2.5962],[115.5089,-2.5978],[115.5167,-2.5986],[115.533,-2.6043],[115.5363,-2.6066],[115.544,-2.6136],[115.5453,-2.6181],[115.551,-2.6258],[115.5566,-2.6407],[115.5633,-2.6477],[115.5679,-2.6594],[115.5694,-2.6647],[115.5689,-2.6705],[115.5713,-2.6858],[115.5718,-2.6943],[115.5741,-2.7005],[115.5737,-2.7121],[115.5691,-2.7147],[115.565,-2.7206],[115.5545,-2.7245],[115.5478,-2.7292],[115.5429,-2.7289],[115.5276,-2.7248],[115.5237,-2.7216],[115.5195,-2.7226],[115.5108,-2.7224],[115.5044,-2.7197],[115.495,-2.7179],[115.4885,-2.7232],[115.4867,-2.7274],[115.4825,-2.7292],[115.4809,-2.731],[115.4759,-2.7407],[115.4729,-2.7442],[115.4699,-2.7457],[115.4659,-2.751],[115.4624,-2.7519],[115.4594,-2.7606],[115.4509,-2.7663],[115.4506,-2.7708],[115.4452,-2.7792],[115.4412,-2.7814],[115.4385,-2.7818],[115.4353,-2.7788],[115.4338,-2.7755],[115.4281,-2.7772],[115.423,-2.7761],[115.4227,-2.7752],[115.4242,-2.772],[115.422,-2.7693],[115.419,-2.7673],[115.4239,-2.744],[115.4287,-2.7319],[115.4288,-2.7277],[115.4254,-2.7238],[115.4248,-2.7205],[115.43,-2.7123],[115.4291,-2.7076],[115.4267,-2.7032],[115.4278,-2.6984],[115.4233,-2.6911],[115.4186,-2.6811],[115.4165,-2.674],[115.4159,-2.6633],[115.4185,-2.6526],[115.4186,-2.6481],[115.4178,-2.6455],[115.4108,-2.642],[115.4077,-2.6418],[115.4026,-2.6446],[115.3989,-2.6483],[115.3935,-2.6488],[115.3831,-2.6329],[115.3831,-2.6298],[115.3852,-2.6265],[115.3869,-2.6273],[115.3884,-2.6269],[115.3956,-2.6213],[115.4031,-2.6194],[115.4089,-2.62],[115.4134,-2.6194],[115.4183,-2.6154],[115.4214,-2.6109],[115.4216,-2.6074],[115.4143,-2.599],[115.4039,-2.5922],[115.4059,-2.5785]]]}},{"type":"Feature","properties":{"nama_kec":"Labuan Amas Selatan","kab_id":"hst","kab_name":"Kab. Hulu Sungai Tengah","kab_label_asli":"Kab. Hulu Sungai Tengah","kab_dikoreksi":false,"cx":115.3166,"cy":-2.6524,"ndmi_arsip":0.164,"lst_arsip":35.0,"peat_pct":2},"geometry":{"type":"Polygon","coordinates":[[[115.3148,-2.6235],[115.321,-2.621],[115.3255,-2.6203],[115.3314,-2.6162],[115.3389,-2.6134],[115.3434,-2.6128],[115.3447,-2.6116],[115.348,-2.6047],[115.3505,-2.6031],[115.3706,-2.5997],[115.3757,-2.597],[115.3803,-2.5966],[115.3799,-2.6063],[115.3819,-2.6112],[115.3846,-2.6142],[115.3858,-2.6196],[115.3852,-2.6265],[115.3831,-2.6298],[115.3831,-2.6329],[115.3935,-2.6488],[115.3845,-2.6463],[115.3821,-2.6464],[115.3781,-2.6473],[115.3741,-2.6505],[115.3663,-2.6641],[115.3673,-2.6703],[115.3713,-2.6765],[115.3712,-2.6794],[115.3689,-2.6817],[115.3611,-2.6839],[115.3585,-2.6825],[115.3501,-2.6706],[115.3463,-2.6668],[115.3401,-2.6572],[115.3371,-2.6563],[115.3341,-2.6563],[115.3321,-2.6578],[115.3302,-2.6634],[115.3225,-2.6666],[115.3186,-2.6754],[115.3097,-2.681],[115.2957,-2.6814],[115.2933,-2.6828],[115.2901,-2.6877],[115.2921,-2.6939],[115.2805,-2.6903],[115.2786,-2.6886],[115.2747,-2.6872],[115.2637,-2.6858],[115.2608,-2.6833],[115.2505,-2.6786],[115.2404,-2.6775],[115.2388,-2.6789],[115.2347,-2.6868],[115.2321,-2.6899],[115.2301,-2.6897],[115.2268,-2.6882],[115.2183,-2.6775],[115.212,-2.6677],[115.2108,-2.6628],[115.2117,-2.6578],[115.2116,-2.653],[115.2085,-2.6488],[115.2593,-2.6471],[115.2675,-2.6463],[115.2942,-2.6387],[115.3096,-2.6383],[115.3132,-2.6397],[115.3175,-2.6392],[115.3183,-2.6381],[115.3184,-2.6347],[115.3148,-2.6235]]]}},{"type":"Feature","properties":{"nama_kec":"Sampanahan","kab_id":"kotabaru","kab_name":"Kab. Kotabaru","kab_label_asli":"Kab. Kotabaru","kab_dikoreksi":false,"cx":116.2839,"cy":-2.6198,"ndmi_arsip":-0.076,"lst_arsip":38.3,"peat_pct":2},"geometry":{"type":"Polygon","coordinates":[[[116.2828,-2.6204],[116.286,-2.6186],[116.2828,-2.6204]]]}},{"type":"Feature","properties":{"nama_kec":"Sampanahan","kab_id":"kotabaru","kab_name":"Kab. Kotabaru","kab_label_asli":"Kab. Kotabaru","kab_dikoreksi":false,"cx":116.2731,"cy":-2.6218,"ndmi_arsip":-0.076,"lst_arsip":38.3,"peat_pct":2},"geometry":{"type":"Polygon","coordinates":[[[116.2733,-2.6221],[116.2727,-2.6211],[116.2733,-2.6221]]]}},{"type":"Feature","properties":{"nama_kec":"Kandangan","kab_id":"hss","kab_name":"Kab. Hulu Sungai Selatan","kab_label_asli":"Kab. Hulu Sungai Selatan","kab_dikoreksi":false,"cx":115.2335,"cy":-2.7329,"ndmi_arsip":0.118,"lst_arsip":36.8,"peat_pct":19},"geometry":{"type":"Polygon","coordinates":[[[115.1785,-2.6377],[115.179,-2.6356],[115.1808,-2.6356],[115.1848,-2.6331],[115.1889,-2.6326],[115.1926,-2.6346],[115.1958,-2.64],[115.2012,-2.6417],[115.2103,-2.6506],[115.2116,-2.653],[115.2117,-2.6578],[115.2108,-2.6628],[115.212,-2.6677],[115.2183,-2.6775],[115.2268,-2.6882],[115.2321,-2.6899],[115.2288,-2.7183],[115.2295,-2.7236],[115.2307,-2.726],[115.2326,-2.7282],[115.2426,-2.7319],[115.2498,-2.7369],[115.2547,-2.7419],[115.2584,-2.7481],[115.2647,-2.7475],[115.2665,-2.7459],[115.2682,-2.746],[115.2714,-2.7471],[115.2715,-2.7498],[115.2726,-2.7523],[115.2791,-2.7542],[115.2775,-2.7575],[115.277,-2.772],[115.2801,-2.7837],[115.2865,-2.7968],[115.2867,-2.8],[115.2883,-2.8007],[115.2888,-2.802],[115.2883,-2.8057],[115.2876,-2.8064],[115.2808,-2.8068],[115.2784,-2.8037],[115.2756,-2.8051],[115.2679,-2.8065],[115.2599,-2.8004],[115.2481,-2.7967],[115.2483,-2.7944],[115.2469,-2.7927],[115.2379,-2.7927],[115.2351,-2.7907],[115.2309,-2.7812],[115.2237,-2.7743],[115.2212,-2.7746],[115.2191,-2.7722],[115.2195,-2.7688],[115.2221,-2.7682],[115.2228,-2.7672],[115.2211,-2.7638],[115.2198,-2.7498],[115.2182,-2.7478],[115.2037,-2.7395],[115.1921,-2.7348],[115.1904,-2.7333],[115.1652,-2.6976],[115.1755,-2.6906],[115.1797,-2.6438],[115.1808,-2.6398],[115.1785,-2.6377]]]}},{"type":"Feature","properties":{"nama_kec":"Sampanahan","kab_id":"kotabaru","kab_name":"Kab. Kotabaru","kab_label_asli":"Kab. Kotabaru","kab_dikoreksi":false,"cx":116.2606,"cy":-2.6425,"ndmi_arsip":-0.076,"lst_arsip":38.3,"peat_pct":2},"geometry":{"type":"Polygon","coordinates":[[[116.2621,-2.6444],[116.2569,-2.6425],[116.2542,-2.64],[116.2581,-2.6413],[116.2656,-2.6421],[116.2655,-2.6428],[116.2621,-2.6444]]]}},{"type":"Feature","properties":{"nama_kec":"Haruyan","kab_id":"hst","kab_name":"Kab. Hulu Sungai Tengah","kab_label_asli":"Kab. Hulu Sungai Tengah","kab_dikoreksi":false,"cx":115.375,"cy":-2.6974,"ndmi_arsip":0.032,"lst_arsip":30.6,"peat_pct":16},"geometry":{"type":"Polygon","coordinates":[[[115.2921,-2.6939],[115.2901,-2.6877],[115.2933,-2.6828],[115.2957,-2.6814],[115.3097,-2.681],[115.3186,-2.6754],[115.3225,-2.6666],[115.3302,-2.6634],[115.3321,-2.6578],[115.3341,-2.6563],[115.3371,-2.6563],[115.3401,-2.6572],[115.3571,-2.6813],[115.3611,-2.6839],[115.3629,-2.6836],[115.3689,-2.6817],[115.3712,-2.6794],[115.3707,-2.675],[115.3666,-2.6684],[115.3663,-2.6641],[115.3741,-2.6505],[115.3781,-2.6473],[115.3845,-2.6463],[115.3935,-2.6488],[115.3989,-2.6483],[115.4026,-2.6446],[115.4077,-2.6418],[115.4108,-2.642],[115.4178,-2.6455],[115.4186,-2.6481],[115.4185,-2.6526],[115.4157,-2.666],[115.4165,-2.674],[115.4186,-2.6811],[115.4233,-2.6911],[115.4278,-2.6984],[115.4267,-2.7032],[115.4291,-2.7076],[115.43,-2.7123],[115.4248,-2.7205],[115.4254,-2.7238],[115.4288,-2.7277],[115.4287,-2.7319],[115.4239,-2.744],[115.419,-2.7673],[115.4155,-2.766],[115.412,-2.7672],[115.4097,-2.7666],[115.4058,-2.76],[115.4026,-2.7575],[115.4023,-2.756],[115.4032,-2.7537],[115.4011,-2.7487],[115.3999,-2.7478],[115.3915,-2.7472],[115.3797,-2.745],[115.3777,-2.744],[115.3696,-2.7304],[115.3665,-2.7274],[115.3589,-2.717],[115.3563,-2.7159],[115.3473,-2.7156],[115.3438,-2.7123],[115.3289,-2.7021],[115.3209,-2.7001],[115.3161,-2.7019],[115.3072,-2.7006],[115.3033,-2.6994],[115.2921,-2.6939]]]}},{"type":"Feature","properties":{"nama_kec":"Hampang","kab_id":"kotabaru","kab_name":"Kab. Kotabaru","kab_label_asli":"Kab. Kotabaru","kab_dikoreksi":false,"cx":115.6707,"cy":-2.9995,"ndmi_arsip":-0.142,"lst_arsip":36.1,"peat_pct":9},"geometry":{"type":"Polygon","coordinates":[[[115.7189,-2.6573],[115.7214,-2.6584],[115.728,-2.6592],[115.7359,-2.6581],[115.7434,-2.6591],[115.8898,-2.657],[115.8709,-2.7448],[115.8708,-2.7492],[115.8436,-2.8533],[115.8439,-2.8555],[115.8988,-2.989],[115.8696,-3.0135],[115.8678,-3.016],[115.8574,-3.0558],[115.8607,-3.0622],[115.8592,-3.0747],[115.8522,-3.0847],[115.8517,-3.0905],[115.8442,-3.1032],[115.8446,-3.1081],[115.8356,-3.124],[115.8219,-3.1449],[115.8169,-3.1459],[115.8007,-3.1713],[115.7925,-3.1818],[115.7796,-3.1904],[115.7755,-3.191],[115.7728,-3.1933],[115.7714,-3.1936],[115.7676,-3.1934],[115.7667,-3.1908],[115.7631,-3.1915],[115.7623,-3.1857],[115.7626,-3.1818],[115.7589,-3.1826],[115.7584,-3.1798],[115.7552,-3.1797],[115.7533,-3.1784],[115.7539,-3.1772],[115.753,-3.1748],[115.7539,-3.1724],[115.7521,-3.1671],[115.7519,-3.1634],[115.748,-3.1589],[115.7441,-3.1572],[115.7428,-3.1581],[115.7391,-3.1488],[115.7401,-3.1471],[115.7382,-3.1457],[115.735,-3.1457],[115.7353,-3.1443],[115.7334,-3.1404],[115.7344,-3.1362],[115.7337,-3.1277],[115.7301,-3.119],[115.7272,-3.1195],[115.7242,-3.1183],[115.7228,-3.1205],[115.7215,-3.1207],[115.7212,-3.1181],[115.7192,-3.1155],[115.7155,-3.1165],[115.7099,-3.1147],[115.7098,-3.1137],[115.7127,-3.1121],[115.7155,-3.1083],[115.7156,-3.107],[115.7126,-3.1084],[115.7097,-3.1075],[115.7089,-3.1063],[115.7087,-3.1036],[115.7151,-3.0958],[115.7136,-3.0945],[115.7104,-3.0966],[115.7073,-3.0966],[115.7057,-3.0944],[115.7054,-3.0883],[115.7057,-3.0877],[115.7097,-3.0885],[115.7099,-3.0877],[115.7063,-3.087],[115.7048,-3.0857],[115.7033,-3.0816],[115.6961,-3.0787],[115.6871,-3.0784],[115.6864,-3.0748],[115.6843,-3.0717],[115.6832,-3.0717],[115.6818,-3.0724],[115.681,-3.0767],[115.6827,-3.0823],[115.6821,-3.0841],[115.6784,-3.0859],[115.6759,-3.0781],[115.6717,-3.0764],[115.6714,-3.0752],[115.6679,-3.0728],[115.6616,-3.0661],[115.6516,-3.0715],[115.6498,-3.0716],[115.6497,-3.0656],[115.6488,-3.0637],[115.6465,-3.0649],[115.6438,-3.0641],[115.6412,-3.0613],[115.6386,-3.0601],[115.6384,-3.0572],[115.6372,-3.0578],[115.6368,-3.0597],[115.6332,-3.0602],[115.6316,-3.0621],[115.6286,-3.0632],[115.6296,-3.0657],[115.6242,-3.0686],[115.6172,-3.0673],[115.6159,-3.0688],[115.6123,-3.0667],[115.6094,-3.0667],[115.6037,-3.0615],[115.6013,-3.0609],[115.5988,-3.0619],[115.593,-3.0618],[115.5889,-3.0643],[115.5854,-3.0652],[115.576,-3.0654],[115.5725,-3.0685],[115.5677,-3.0686],[115.5638,-3.0656],[115.5625,-3.0633],[115.5596,-3.0477],[115.5574,-3.0469],[115.5475,-3.047],[115.5422,-3.0461],[115.5334,-3.041],[115.5297,-3.0416],[115.5283,-3.0386],[115.524,-3.0379],[115.5234,-3.0359],[115.5214,-3.0356],[115.5195,-3.0331],[115.5165,-3.0326],[115.515,-3.0299],[115.5102,-3.0287],[115.5027,-3.0241],[115.5006,-3.02],[115.5004,-3.0146],[115.4982,-3.0082],[115.494,-3.0049],[115.509,-2.9904],[115.5237,-2.9798],[115.5288,-2.974],[115.5391,-2.9376],[115.5413,-2.9375],[115.554,-2.9442],[115.5681,-2.9405],[115.5752,-2.9339],[115.5777,-2.9301],[115.5809,-2.9201],[115.5816,-2.9115],[115.5851,-2.908],[115.5857,-2.9047],[115.595,-2.8939],[115.5958,-2.892],[115.5949,-2.8889],[115.5866,-2.8859],[115.5778,-2.8843],[115.577,-2.8835],[115.5769,-2.8716],[115.5759,-2.8679],[115.5711,-2.8607],[115.5716,-2.8516],[115.5658,-2.845],[115.5563,-2.8388],[115.5556,-2.8344],[115.5562,-2.8297],[115.5578,-2.8262],[115.5725,-2.8119],[115.5798,-2.7929],[115.5869,-2.7784],[115.5952,-2.7498],[115.5969,-2.7304],[115.5976,-2.7256],[115.5992,-2.7223],[115.6263,-2.7122],[115.6455,-2.712],[115.6603,-2.717],[115.6668,-2.718],[115.671,-2.7173],[115.6749,-2.7152],[115.6797,-2.7102],[115.684,-2.7093],[115.6927,-2.7104],[115.7062,-2.7022],[115.7079,-2.7002],[115.7092,-2.6958],[115.7141,-2.6916],[115.7115,-2.685],[115.7081,-2.6796],[115.708,-2.6767],[115.7117,-2.6687],[115.7159,-2.6636],[115.7189,-2.6573]]]}},{"type":"Feature","properties":{"nama_kec":"Kelumpang Hulu","kab_id":"kotabaru","kab_name":"Kab. Kotabaru","kab_label_asli":"Kab. Kotabaru","kab_dikoreksi":false,"cx":116.0392,"cy":-2.9902,"ndmi_arsip":-0.202,"lst_arsip":34.1,"peat_pct":19},"geometry":{"type":"Polygon","coordinates":[[[115.8898,-2.657],[115.9823,-2.6694],[116.0001,-2.7414],[116.0014,-2.75],[116.0092,-2.7733],[116.0729,-2.8652],[116.0943,-2.9034],[116.0926,-2.9039],[116.0929,-2.9014],[116.0925,-2.9017],[116.0921,-2.904],[116.0869,-2.9127],[116.0846,-2.9136],[116.0818,-2.9135],[116.0802,-2.9091],[116.0777,-2.9082],[116.0766,-2.9004],[116.0745,-2.8987],[116.0766,-2.9011],[116.0759,-2.9033],[116.0772,-2.9047],[116.0769,-2.9072],[116.0776,-2.9093],[116.0737,-2.9124],[116.0724,-2.9142],[116.0725,-2.9157],[116.0698,-2.9169],[116.0703,-2.9193],[116.0691,-2.9196],[116.0686,-2.921],[116.066,-2.9221],[116.0654,-2.9213],[116.0653,-2.922],[116.0663,-2.9224],[116.0688,-2.9212],[116.069,-2.9199],[116.0703,-2.9198],[116.0703,-2.9168],[116.0726,-2.9159],[116.0728,-2.9139],[116.0779,-2.9101],[116.082,-2.9149],[116.0813,-2.9176],[116.0797,-2.9181],[116.0819,-2.9191],[116.0806,-2.9215],[116.081,-2.9223],[116.0821,-2.9198],[116.0816,-2.9176],[116.0828,-2.9155],[116.0877,-2.9133],[116.0886,-2.9111],[116.0927,-2.9057],[116.0966,-2.9051],[116.098,-2.9076],[116.0982,-2.9101],[116.0976,-2.911],[116.0959,-2.9111],[116.0982,-2.9118],[116.0999,-2.9162],[116.1031,-2.9183],[116.1064,-2.9188],[116.105,-2.925],[116.1018,-2.9311],[116.1012,-2.9343],[116.1025,-2.9442],[116.1068,-2.9495],[116.1196,-2.9553],[116.122,-2.9597],[116.121,-2.9615],[116.1213,-2.9635],[116.1205,-2.9654],[116.1186,-2.9657],[116.1179,-2.9673],[116.117,-2.9674],[116.1132,-2.9618],[116.1109,-2.9599],[116.1025,-2.9574],[116.1,-2.9555],[116.0949,-2.9547],[116.0886,-2.956],[116.0856,-2.9553],[116.0814,-2.9515],[116.0792,-2.9463],[116.0771,-2.946],[116.0758,-2.9444],[116.0748,-2.9443],[116.0759,-2.9449],[116.0754,-2.9455],[116.074,-2.9453],[116.0708,-2.9402],[116.0697,-2.9396],[116.0681,-2.9401],[116.0704,-2.9377],[116.0716,-2.9382],[116.0704,-2.9367],[116.0677,-2.9397],[116.0677,-2.9427],[116.0657,-2.9427],[116.0645,-2.9388],[116.0654,-2.9427],[116.0679,-2.9431],[116.0685,-2.941],[116.0704,-2.9406],[116.0724,-2.9461],[116.0772,-2.9469],[116.0785,-2.9479],[116.0787,-2.9515],[116.0808,-2.9548],[116.0811,-2.957],[116.0795,-2.9587],[116.0797,-2.9558],[116.079,-2.955],[116.0764,-2.957],[116.0773,-2.9572],[116.0789,-2.9555],[116.0788,-2.959],[116.0794,-2.9594],[116.0808,-2.959],[116.0816,-2.9556],[116.0858,-2.9576],[116.089,-2.9578],[116.0907,-2.9572],[116.0884,-2.9607],[116.0852,-2.9602],[116.0831,-2.9632],[116.0851,-2.9606],[116.0872,-2.9614],[116.0887,-2.9609],[116.0923,-2.9569],[116.0982,-2.9572],[116.1115,-2.9633],[116.1121,-2.9664],[116.1094,-2.9656],[116.1068,-2.9665],[116.1076,-2.9687],[116.1064,-2.97],[116.1062,-2.9722],[116.1091,-2.9718],[116.1088,-2.9682],[116.1075,-2.9673],[116.1091,-2.9665],[116.1113,-2.9667],[116.1133,-2.9684],[116.1145,-2.9722],[116.1123,-2.9737],[116.0991,-2.9784],[116.0878,-2.9871],[116.0861,-2.9862],[116.0808,-2.979],[116.0744,-2.9761],[116.0772,-2.972],[116.0753,-2.9678],[116.0753,-2.9704],[116.0766,-2.9724],[116.0728,-2.975],[116.0696,-2.974],[116.0644,-2.9677],[116.0624,-2.9668],[116.0619,-2.9654],[116.063,-2.9629],[116.062,-2.959],[116.0622,-2.9644],[116.0611,-2.9657],[116.0556,-2.9644],[116.0546,-2.9609],[116.0521,-2.959],[116.0547,-2.9615],[116.0545,-2.9636],[116.0553,-2.9649],[116.0598,-2.9664],[116.0596,-2.9675],[116.058,-2.9682],[116.0531,-2.969],[116.052,-2.968],[116.0506,-2.9694],[116.0485,-2.9698],[116.0433,-2.9642],[116.0453,-2.9678],[116.0485,-2.9705],[116.0605,-2.9692],[116.063,-2.9697],[116.0676,-2.9759],[116.072,-2.9768],[116.0797,-2.9801],[116.0847,-2.989],[116.0838,-2.9924],[116.0794,-2.9946],[116.0763,-2.9948],[116.0739,-2.9932],[116.0689,-2.9929],[116.064,-2.9962],[116.0618,-2.9939],[116.0638,-2.9978],[116.0615,-3.0012],[116.0556,-3.0063],[116.0533,-3.0052],[116.0524,-3.0074],[116.0514,-3.0079],[116.0477,-3.0071],[116.0477,-3.0076],[116.0504,-3.0078],[116.0514,-3.0086],[116.053,-3.0077],[116.0534,-3.006],[116.0562,-3.0072],[116.0524,-3.009],[116.0529,-3.0126],[116.0565,-3.011],[116.0557,-3.0099],[116.0536,-3.01],[116.0532,-3.0091],[116.0565,-3.0087],[116.0669,-3.0019],[116.0677,-3.0029],[116.0679,-3.006],[116.0672,-3.0066],[116.0682,-3.0067],[116.0682,-3.0027],[116.0673,-3.0016],[116.0713,-2.9993],[116.0894,-2.9947],[116.0907,-2.995],[116.0905,-2.9956],[116.0816,-3.0046],[116.0746,-3.0141],[116.0689,-3.017],[116.0649,-3.0205],[116.0623,-3.0243],[116.0593,-3.0234],[116.0611,-3.0246],[116.0596,-3.0269],[116.058,-3.0268],[116.06,-3.0281],[116.0605,-3.0302],[116.0598,-3.0316],[116.0562,-3.0316],[116.0562,-3.0325],[116.0527,-3.0326],[116.0538,-3.0301],[116.0531,-3.0295],[116.0526,-3.0312],[116.0518,-3.0314],[116.0514,-3.0299],[116.05,-3.0311],[116.0497,-3.0322],[116.051,-3.0305],[116.0513,-3.0318],[116.0527,-3.0316],[116.0502,-3.0335],[116.0443,-3.0299],[116.0442,-3.0284],[116.0442,-3.0303],[116.0484,-3.0331],[116.045,-3.0344],[116.0422,-3.0339],[116.0373,-3.0365],[116.0354,-3.039],[116.0371,-3.0373],[116.0424,-3.0346],[116.0453,-3.0351],[116.0482,-3.0338],[116.0451,-3.0377],[116.045,-3.0392],[116.0427,-3.0403],[116.0458,-3.0392],[116.0455,-3.0379],[116.0482,-3.035],[116.0462,-3.0425],[116.0434,-3.0454],[116.0411,-3.045],[116.0418,-3.048],[116.0377,-3.0536],[116.0372,-3.0564],[116.0321,-3.0613],[116.0318,-3.0635],[116.0296,-3.0646],[116.0167,-3.0813],[115.9767,-3.1089],[115.9766,-3.1121],[115.9799,-3.1171],[115.9827,-3.1277],[115.9782,-3.1351],[115.9707,-3.1447],[115.9691,-3.1456],[115.965,-3.1458],[115.9652,-3.1508],[115.9636,-3.1575],[115.9615,-3.1566],[115.9573,-3.1577],[115.9559,-3.1597],[115.954,-3.1606],[115.9489,-3.1579],[115.9474,-3.1548],[115.9437,-3.1564],[115.9412,-3.1542],[115.9345,-3.1528],[115.8712,-3.1658],[115.8695,-3.1669],[115.8628,-3.1667],[115.8586,-3.1678],[115.8558,-3.1702],[115.852,-3.1688],[115.8488,-3.1705],[115.8406,-3.1701],[115.8389,-3.1716],[115.8366,-3.1722],[115.8358,-3.1749],[115.8313,-3.1821],[115.8304,-3.1857],[115.8289,-3.1864],[115.8129,-3.1853],[115.8083,-3.1813],[115.8012,-3.1833],[115.7987,-3.1832],[115.7925,-3.1818],[115.8007,-3.1713],[115.8169,-3.1459],[115.8219,-3.1449],[115.8356,-3.124],[115.8446,-3.1081],[115.8442,-3.1032],[115.8517,-3.0905],[115.8522,-3.0847],[115.8587,-3.0762],[115.8607,-3.0622],[115.8574,-3.0558],[115.8678,-3.016],[115.8696,-3.0135],[115.8988,-2.989],[115.8439,-2.8555],[115.8436,-2.8533],[115.8708,-2.7492],[115.8709,-2.7448],[115.8898,-2.657]]]}},{"type":"Feature","properties":{"nama_kec":"Angkinang","kab_id":"hss","kab_name":"Kab. Hulu Sungai Selatan","kab_label_asli":"Kab. Hulu Sungai Selatan","kab_dikoreksi":false,"cx":115.2779,"cy":-2.7237,"ndmi_arsip":0.1,"lst_arsip":36.2,"peat_pct":10},"geometry":{"type":"Polygon","coordinates":[[[115.2321,-2.6899],[115.2347,-2.6868],[115.2388,-2.6789],[115.2404,-2.6775],[115.25,-2.6786],[115.2608,-2.6833],[115.2637,-2.6858],[115.2747,-2.6872],[115.2786,-2.6886],[115.2805,-2.6903],[115.2922,-2.6939],[115.3033,-2.6994],[115.3161,-2.7019],[115.3214,-2.7002],[115.319,-2.7048],[115.3132,-2.7117],[115.3077,-2.7218],[115.3046,-2.7258],[115.3032,-2.7327],[115.3037,-2.7338],[115.3119,-2.7408],[115.3194,-2.75],[115.3203,-2.7608],[115.3167,-2.7577],[115.3124,-2.7562],[115.3033,-2.7555],[115.2994,-2.7514],[115.2926,-2.7534],[115.2889,-2.7516],[115.2811,-2.7516],[115.2791,-2.7542],[115.2726,-2.7523],[115.2715,-2.7498],[115.2714,-2.7471],[115.2682,-2.746],[115.2665,-2.7459],[115.2647,-2.7475],[115.2584,-2.7481],[115.2547,-2.7419],[115.2498,-2.7369],[115.2426,-2.7319],[115.2326,-2.7282],[115.2295,-2.7236],[115.2288,-2.7196],[115.2321,-2.6899]]]}},{"type":"Feature","properties":{"nama_kec":"Kelumpang Tengah","kab_id":"kotabaru","kab_name":"Kab. Kotabaru","kab_label_asli":"Kab. Kotabaru","kab_dikoreksi":false,"cx":116.1541,"cy":-2.8246,"ndmi_arsip":-0.046,"lst_arsip":39.3,"peat_pct":17},"geometry":{"type":"Polygon","coordinates":[[[115.9977,-2.7328],[116.0041,-2.7335],[116.0122,-2.7321],[116.0375,-2.7223],[116.0538,-2.7124],[116.0595,-2.7072],[116.0665,-2.698],[116.0718,-2.6934],[116.0863,-2.6844],[116.0898,-2.6848],[116.1191,-2.6974],[116.1325,-2.7003],[116.1618,-2.7157],[116.2309,-2.7469],[116.237,-2.7503],[116.25,-2.7709],[116.2461,-2.7782],[116.2401,-2.8131],[116.2448,-2.8173],[116.2493,-2.83],[116.2492,-2.8682],[116.2457,-2.8728],[116.2459,-2.9034],[116.25,-2.9086],[116.2609,-2.9189],[116.2666,-2.9224],[116.2747,-2.9314],[116.2789,-2.9346],[116.2862,-2.9461],[116.2897,-2.9602],[116.2966,-2.9691],[116.2937,-2.971],[116.2886,-2.9773],[116.2852,-2.9786],[116.281,-2.9861],[116.2707,-3.0013],[116.266,-3.0045],[116.2602,-3.0054],[116.2571,-3.0031],[116.2564,-3.0039],[116.2519,-3.0049],[116.2449,-3.0048],[116.2374,-3.0069],[116.2348,-3.0067],[116.2335,-3.0055],[116.23,-3.0049],[116.2286,-3.0056],[116.2277,-3.0049],[116.2208,-3.0068],[116.2169,-3.0033],[116.2134,-3.0019],[116.2121,-3.0004],[116.2112,-2.9968],[116.2126,-2.9933],[116.2127,-2.9888],[116.2111,-2.9854],[116.2115,-2.9807],[116.2092,-2.9755],[116.2083,-2.9685],[116.2089,-2.9678],[116.2074,-2.9628],[116.2074,-2.9613],[116.2084,-2.9606],[116.2072,-2.9587],[116.2088,-2.9443],[116.2069,-2.9401],[116.2073,-2.9392],[116.2054,-2.9358],[116.2096,-2.9354],[116.2107,-2.9342],[116.2035,-2.9355],[116.1994,-2.932],[116.1927,-2.9288],[116.1913,-2.9274],[116.1907,-2.9254],[116.1848,-2.9235],[116.183,-2.9243],[116.1814,-2.9236],[116.1785,-2.921],[116.1787,-2.9199],[116.1806,-2.9187],[116.1809,-2.9163],[116.1793,-2.9179],[116.1772,-2.916],[116.1786,-2.9188],[116.1739,-2.9172],[116.1722,-2.9147],[116.1715,-2.9105],[116.1693,-2.9099],[116.1663,-2.9067],[116.1613,-2.9062],[116.1604,-2.9031],[116.1608,-2.9018],[116.1562,-2.9007],[116.1545,-2.8977],[116.1528,-2.8877],[116.1528,-2.8843],[116.1549,-2.8783],[116.1538,-2.8733],[116.1553,-2.8707],[116.1568,-2.8703],[116.1583,-2.871],[116.1587,-2.8721],[116.1566,-2.8735],[116.156,-2.8753],[116.1565,-2.8765],[116.1575,-2.8767],[116.1603,-2.8751],[116.1587,-2.878],[116.1605,-2.8749],[116.1571,-2.8762],[116.1563,-2.8745],[116.1596,-2.8718],[116.1601,-2.8693],[116.1591,-2.8675],[116.1594,-2.8706],[116.1562,-2.8696],[116.1575,-2.8688],[116.1567,-2.8686],[116.1541,-2.8699],[116.1509,-2.8672],[116.1501,-2.8622],[116.1508,-2.858],[116.152,-2.8569],[116.1566,-2.8586],[116.1586,-2.8584],[116.1596,-2.8578],[116.1616,-2.853],[116.1656,-2.8543],[116.1667,-2.8524],[116.166,-2.8537],[116.164,-2.8537],[116.1621,-2.8515],[116.1618,-2.8499],[116.1608,-2.8499],[116.1616,-2.8519],[116.1586,-2.8571],[116.1571,-2.8577],[116.1491,-2.8534],[116.1486,-2.8517],[116.1484,-2.8461],[116.1528,-2.8433],[116.1542,-2.8415],[116.1544,-2.8399],[116.1526,-2.8372],[116.1531,-2.8348],[116.1572,-2.8326],[116.1609,-2.8336],[116.1624,-2.8309],[116.164,-2.8327],[116.163,-2.8308],[116.1615,-2.831],[116.161,-2.8332],[116.16,-2.8332],[116.1578,-2.8318],[116.1574,-2.8282],[116.157,-2.8317],[116.1528,-2.8337],[116.1522,-2.8348],[116.1518,-2.8365],[116.153,-2.8401],[116.1525,-2.8415],[116.1487,-2.8441],[116.1458,-2.8444],[116.1437,-2.8429],[116.1436,-2.8406],[116.1466,-2.8354],[116.1481,-2.8302],[116.1519,-2.8279],[116.1521,-2.8267],[116.1509,-2.8241],[116.1517,-2.8228],[116.1526,-2.8229],[116.1509,-2.8233],[116.1506,-2.8251],[116.1516,-2.827],[116.1512,-2.8282],[116.1476,-2.8295],[116.1453,-2.8364],[116.1438,-2.8376],[116.1348,-2.8261],[116.1344,-2.8249],[116.1372,-2.817],[116.1413,-2.8159],[116.1448,-2.8135],[116.1384,-2.8155],[116.139,-2.8085],[116.14,-2.8077],[116.1419,-2.8019],[116.1432,-2.8013],[116.1473,-2.8032],[116.1474,-2.8026],[116.1456,-2.8022],[116.1442,-2.8009],[116.1451,-2.8002],[116.1471,-2.8003],[116.1466,-2.7991],[116.1425,-2.8003],[116.1418,-2.7956],[116.1448,-2.7946],[116.1474,-2.7958],[116.1496,-2.7916],[116.1496,-2.791],[116.1491,-2.7927],[116.1465,-2.7954],[116.1439,-2.7938],[116.145,-2.7901],[116.1428,-2.7923],[116.1415,-2.7889],[116.1411,-2.7912],[116.1418,-2.7929],[116.1391,-2.7972],[116.1369,-2.799],[116.1351,-2.7976],[116.1342,-2.7954],[116.1348,-2.7912],[116.1338,-2.7892],[116.1355,-2.7876],[116.1382,-2.7806],[116.1398,-2.7793],[116.1414,-2.7764],[116.1415,-2.7742],[116.1397,-2.7789],[116.1373,-2.7807],[116.136,-2.7849],[116.1329,-2.7892],[116.1341,-2.7919],[116.1329,-2.7967],[116.1336,-2.7967],[116.1348,-2.7995],[116.1381,-2.803],[116.1379,-2.805],[116.1353,-2.8096],[116.1331,-2.8091],[116.1325,-2.8073],[116.1299,-2.8047],[116.1298,-2.8037],[116.1309,-2.8032],[116.1291,-2.8032],[116.1273,-2.8009],[116.1272,-2.7995],[116.1268,-2.8002],[116.1284,-2.8031],[116.1271,-2.8045],[116.1288,-2.8045],[116.1324,-2.8092],[116.1329,-2.8112],[116.1322,-2.8131],[116.1295,-2.8157],[116.128,-2.8141],[116.1294,-2.8167],[116.1291,-2.8177],[116.1261,-2.8192],[116.1195,-2.8247],[116.108,-2.8154],[116.1082,-2.8148],[116.1112,-2.8137],[116.1071,-2.8142],[116.1033,-2.8122],[116.118,-2.8247],[116.1191,-2.8259],[116.1197,-2.8287],[116.1185,-2.829],[116.1041,-2.8232],[116.101,-2.8227],[116.123,-2.8315],[116.1279,-2.8355],[116.1287,-2.8375],[116.1217,-2.8361],[116.1175,-2.8372],[116.1143,-2.8369],[116.1164,-2.8381],[116.1234,-2.8366],[116.1296,-2.8388],[116.1315,-2.8407],[116.1314,-2.8462],[116.1324,-2.8465],[116.133,-2.8499],[116.1342,-2.8517],[116.1337,-2.8589],[116.1325,-2.8614],[116.1324,-2.8643],[116.1311,-2.8663],[116.1296,-2.8661],[116.128,-2.8622],[116.1247,-2.8606],[116.1273,-2.8623],[116.1281,-2.8644],[116.1224,-2.8658],[116.1143,-2.8643],[116.1143,-2.8607],[116.1125,-2.8594],[116.1129,-2.8576],[116.1121,-2.8595],[116.114,-2.8612],[116.1129,-2.8637],[116.1087,-2.8635],[116.1046,-2.8603],[116.1035,-2.8566],[116.0998,-2.8556],[116.0994,-2.8545],[116.1002,-2.8529],[116.0991,-2.8548],[116.1002,-2.8563],[116.1,-2.8578],[116.0982,-2.8569],[116.0967,-2.8518],[116.0974,-2.8534],[116.097,-2.8563],[116.0946,-2.856],[116.0927,-2.8532],[116.0895,-2.8522],[116.0927,-2.8538],[116.0934,-2.856],[116.0968,-2.8568],[116.098,-2.8575],[116.098,-2.8584],[116.0908,-2.858],[116.0897,-2.8566],[116.0864,-2.8554],[116.086,-2.8539],[116.0842,-2.8524],[116.0791,-2.8507],[116.0775,-2.8493],[116.0727,-2.8502],[116.0711,-2.8491],[116.0683,-2.8489],[116.067,-2.8471],[116.0629,-2.8447],[116.0672,-2.8478],[116.0673,-2.8503],[116.0696,-2.8494],[116.0721,-2.8511],[116.0753,-2.8507],[116.0767,-2.8546],[116.0795,-2.8548],[116.0811,-2.8575],[116.0843,-2.8605],[116.0771,-2.8646],[116.0744,-2.8649],[116.0774,-2.8647],[116.0839,-2.8617],[116.0851,-2.8624],[116.0858,-2.8615],[116.0906,-2.8606],[116.0933,-2.8617],[116.0936,-2.8633],[116.0961,-2.8635],[116.0989,-2.866],[116.1013,-2.8662],[116.1021,-2.8672],[116.1021,-2.8685],[116.0988,-2.8689],[116.0963,-2.8703],[116.0989,-2.8691],[116.1006,-2.8696],[116.1064,-2.8685],[116.1116,-2.8703],[116.1194,-2.8713],[116.1207,-2.8806],[116.1212,-2.88],[116.1202,-2.8763],[116.1205,-2.8714],[116.1244,-2.8724],[116.1305,-2.8756],[116.1313,-2.8852],[116.1299,-2.8892],[116.1229,-2.8953],[116.1198,-2.9001],[116.1159,-2.9028],[116.1053,-2.9169],[116.1032,-2.9169],[116.1004,-2.9142],[116.0997,-2.9078],[116.0977,-2.9039],[116.1012,-2.9016],[116.1021,-2.8981],[116.1006,-2.8962],[116.1007,-2.8948],[116.1038,-2.8914],[116.1035,-2.8892],[116.103,-2.8885],[116.0982,-2.8878],[116.0969,-2.8862],[116.0982,-2.8882],[116.1028,-2.8889],[116.1035,-2.8913],[116.1004,-2.8944],[116.0999,-2.8964],[116.1017,-2.8982],[116.1006,-2.9017],[116.097,-2.9035],[116.0943,-2.9034],[116.0729,-2.8652],[116.0092,-2.7733],[116.0014,-2.75],[116.0001,-2.7414],[115.9977,-2.7328]]]}},{"type":"Feature","properties":{"nama_kec":"Kalumpang","kab_id":"hss","kab_name":"Kab. Hulu Sungai Selatan","kab_label_asli":"Kab. Tapin","kab_dikoreksi":true,"cx":115.1137,"cy":-2.7999,"ndmi_arsip":-0.124,"lst_arsip":33.7,"peat_pct":33},"geometry":{"type":"Polygon","coordinates":[[[115.1652,-2.6976],[115.1841,-2.7249],[115.1561,-2.7443],[115.1498,-2.7498],[115.1499,-2.7571],[115.1538,-2.7831],[115.1591,-2.7896],[115.17,-2.7987],[115.1732,-2.8039],[115.1749,-2.8084],[115.1778,-2.8209],[115.1765,-2.8257],[115.176,-2.8354],[115.156,-2.8364],[115.1551,-2.8374],[115.1541,-2.8478],[115.127,-2.8389],[115.1093,-2.835],[115.1062,-2.8366],[115.1049,-2.8354],[115.1002,-2.8356],[115.0997,-2.835],[115.1003,-2.8328],[115.0977,-2.8321],[115.0938,-2.8292],[115.0902,-2.8298],[115.088,-2.8317],[115.0881,-2.8357],[115.0856,-2.8411],[115.0845,-2.8414],[115.081,-2.8396],[115.0795,-2.84],[115.0756,-2.8426],[115.0684,-2.8457],[115.0631,-2.8412],[115.0623,-2.8397],[115.0637,-2.8371],[115.063,-2.8349],[115.0681,-2.8266],[115.0682,-2.8183],[115.0726,-2.811],[115.0734,-2.7995],[115.0746,-2.7976],[115.0757,-2.7901],[115.0741,-2.7864],[115.0723,-2.7853],[115.0729,-2.7717],[115.0741,-2.7693],[115.0929,-2.7551],[115.1018,-2.7498],[115.1257,-2.7318],[115.1355,-2.7167],[115.1421,-2.7112],[115.1551,-2.7022],[115.1587,-2.7013],[115.1652,-2.6976]]]}},{"type":"Feature","properties":{"nama_kec":"Telaga Langsat","kab_id":"hss","kab_name":"Kab. Hulu Sungai Selatan","kab_label_asli":"Kab. Hulu Sungai Tengah","kab_dikoreksi":true,"cx":115.3669,"cy":-2.7517,"ndmi_arsip":0.068,"lst_arsip":31.8,"peat_pct":14},"geometry":{"type":"Polygon","coordinates":[[[115.3203,-2.7608],[115.3194,-2.75],[115.3119,-2.7408],[115.3037,-2.7338],[115.3032,-2.7327],[115.3046,-2.7258],[115.3077,-2.7218],[115.3132,-2.7117],[115.319,-2.7048],[115.3214,-2.7002],[115.3289,-2.7021],[115.3438,-2.7123],[115.3473,-2.7156],[115.3563,-2.7159],[115.3589,-2.717],[115.3665,-2.7274],[115.3696,-2.7304],[115.3777,-2.744],[115.3797,-2.745],[115.3915,-2.7472],[115.3999,-2.7478],[115.4011,-2.7487],[115.4032,-2.7537],[115.4023,-2.756],[115.4026,-2.7575],[115.4058,-2.76],[115.4097,-2.7666],[115.412,-2.7672],[115.4155,-2.766],[115.4177,-2.7664],[115.422,-2.7693],[115.4242,-2.772],[115.4227,-2.7752],[115.423,-2.7761],[115.4281,-2.7772],[115.4214,-2.781],[115.4171,-2.7822],[115.3786,-2.7829],[115.3731,-2.7812],[115.3663,-2.7817],[115.3587,-2.7838],[115.3528,-2.7841],[115.3503,-2.775],[115.3486,-2.7723],[115.3367,-2.7679],[115.3307,-2.7682],[115.3219,-2.7638],[115.3203,-2.7608]]]}},{"type":"Feature","properties":{"nama_kec":"Loksado","kab_id":"hss","kab_name":"Kab. Hulu Sungai Selatan","kab_label_asli":"Kab. Hulu Sungai Tengah","kab_dikoreksi":true,"cx":115.4692,"cy":-2.8089,"ndmi_arsip":0.194,"lst_arsip":36.0,"peat_pct":17},"geometry":{"type":"Polygon","coordinates":[[[115.5737,-2.7121],[115.5802,-2.7116],[115.5867,-2.713],[115.5915,-2.7158],[115.5992,-2.7223],[115.5976,-2.7256],[115.5969,-2.7304],[115.5952,-2.7498],[115.5891,-2.7723],[115.5798,-2.7929],[115.5725,-2.8119],[115.5578,-2.8262],[115.5562,-2.8297],[115.5499,-2.8297],[115.5443,-2.8334],[115.5413,-2.8397],[115.5403,-2.8473],[115.5271,-2.8609],[115.5238,-2.8705],[115.5183,-2.8752],[115.5124,-2.8845],[115.5074,-2.8864],[115.5061,-2.8845],[115.5,-2.8805],[115.4891,-2.8788],[115.4784,-2.873],[115.4727,-2.8748],[115.462,-2.8721],[115.4579,-2.8732],[115.4567,-2.8742],[115.4515,-2.8826],[115.4451,-2.8886],[115.443,-2.8891],[115.4388,-2.8841],[115.4374,-2.8839],[115.431,-2.888],[115.4239,-2.8901],[115.4187,-2.8896],[115.4172,-2.89],[115.4156,-2.8921],[115.4119,-2.8923],[115.4056,-2.8903],[115.3978,-2.8895],[115.3926,-2.8856],[115.3864,-2.8855],[115.3838,-2.8822],[115.3824,-2.8818],[115.3831,-2.8794],[115.3799,-2.8704],[115.3803,-2.8682],[115.3796,-2.8657],[115.3744,-2.8576],[115.3693,-2.8553],[115.3669,-2.8529],[115.3655,-2.8478],[115.3586,-2.8397],[115.3578,-2.8372],[115.3587,-2.8296],[115.3562,-2.8164],[115.3588,-2.8118],[115.362,-2.809],[115.3706,-2.7986],[115.3753,-2.791],[115.3786,-2.7829],[115.4171,-2.7822],[115.4214,-2.781],[115.4281,-2.7772],[115.4338,-2.7755],[115.4353,-2.7788],[115.4385,-2.7818],[115.4435,-2.7804],[115.4461,-2.7782],[115.4497,-2.7727],[115.4506,-2.7708],[115.4509,-2.7663],[115.4594,-2.7606],[115.4624,-2.7519],[115.4659,-2.751],[115.4699,-2.7457],[115.4729,-2.7442],[115.4759,-2.7407],[115.4809,-2.731],[115.4825,-2.7292],[115.4867,-2.7274],[115.4885,-2.7232],[115.495,-2.7179],[115.5044,-2.7197],[115.5108,-2.7224],[115.5195,-2.7226],[115.5237,-2.7216],[115.5276,-2.7248],[115.5429,-2.7289],[115.5478,-2.7292],[115.5545,-2.7245],[115.565,-2.7206],[115.5691,-2.7147],[115.5737,-2.7121]]]}},{"type":"Feature","properties":{"nama_kec":"Tabukan","kab_id":"baritokuala","kab_name":"Kab. Barito Kuala","kab_label_asli":"Kab. Hulu Sungai Utara","kab_dikoreksi":true,"cx":114.6779,"cy":-2.7907,"ndmi_arsip":0.16,"lst_arsip":33.3,"peat_pct":15},"geometry":{"type":"Polygon","coordinates":[[[114.7604,-2.7213],[114.7608,-2.7251],[114.7594,-2.7275],[114.7496,-2.7297],[114.7402,-2.7354],[114.7332,-2.7418],[114.7214,-2.7642],[114.7083,-2.7846],[114.703,-2.7911],[114.6989,-2.7946],[114.7355,-2.8069],[114.6875,-2.8458],[114.6609,-2.8659],[114.6349,-2.8869],[114.6302,-2.8942],[114.5462,-2.9474],[114.5241,-2.9268],[114.5416,-2.9239],[114.5678,-2.8664],[114.6073,-2.8874],[114.6177,-2.8834],[114.5989,-2.8152],[114.635,-2.8053],[114.6615,-2.8022],[114.6662,-2.7993],[114.6738,-2.7903],[114.6789,-2.7817],[114.6798,-2.7736],[114.6784,-2.7679],[114.6731,-2.7611],[114.6713,-2.7562],[114.6712,-2.7521],[114.6732,-2.7465],[114.6777,-2.7395],[114.6832,-2.7367],[114.6915,-2.7354],[114.6979,-2.7369],[114.7066,-2.7402],[114.7183,-2.7401],[114.7334,-2.7342],[114.7514,-2.7241],[114.7604,-2.7213]]]}},{"type":"Feature","properties":{"nama_kec":"Simpur","kab_id":"hss","kab_name":"Kab. Hulu Sungai Selatan","kab_label_asli":"Kab. Tapin","kab_dikoreksi":true,"cx":115.2042,"cy":-2.7851,"ndmi_arsip":-0.16,"lst_arsip":32.5,"peat_pct":15},"geometry":{"type":"Polygon","coordinates":[[[115.1841,-2.7249],[115.1921,-2.7348],[115.2037,-2.7395],[115.2182,-2.7478],[115.2199,-2.7502],[115.2211,-2.7638],[115.2228,-2.7672],[115.2221,-2.7682],[115.2195,-2.7688],[115.2191,-2.7722],[115.2212,-2.7746],[115.2237,-2.7743],[115.2309,-2.7812],[115.2351,-2.7907],[115.2379,-2.7927],[115.2458,-2.7922],[115.2483,-2.7944],[115.2481,-2.7967],[115.2446,-2.799],[115.2416,-2.8146],[115.2332,-2.8185],[115.2258,-2.8231],[115.2054,-2.8316],[115.2003,-2.8328],[115.189,-2.8332],[115.176,-2.8354],[115.1765,-2.8257],[115.1778,-2.8209],[115.1749,-2.8084],[115.1732,-2.8039],[115.17,-2.7987],[115.1591,-2.7896],[115.1538,-2.7831],[115.1523,-2.7758],[115.1496,-2.7504],[115.1561,-2.7443],[115.1841,-2.7249]]]}},{"type":"Feature","properties":{"nama_kec":"Bakumpai","kab_id":"baritokuala","kab_name":"Kab. Barito Kuala","kab_label_asli":"Kab. Tapin","kab_dikoreksi":true,"cx":114.7682,"cy":-2.9239,"ndmi_arsip":-0.142,"lst_arsip":33.1,"peat_pct":24},"geometry":{"type":"Polygon","coordinates":[[[114.7355,-2.8069],[114.7506,-2.7939],[114.7571,-2.7864],[114.8043,-2.7434],[114.8045,-2.7513],[114.8097,-2.7972],[114.8116,-2.8069],[114.84,-2.8709],[114.8396,-2.8746],[114.8151,-2.9302],[114.8133,-2.9323],[114.8111,-2.9326],[114.8024,-2.941],[114.8049,-2.9698],[114.8086,-2.9743],[114.8072,-2.9778],[114.8126,-2.985],[114.8151,-2.9896],[114.8158,-2.9989],[114.8148,-3.0071],[114.7939,-2.9976],[114.7885,-2.9967],[114.7824,-2.9983],[114.7804,-3.0043],[114.7776,-3.0086],[114.7755,-3.0102],[114.7741,-3.0098],[114.7705,-3.004],[114.7615,-2.9967],[114.7439,-2.9998],[114.7256,-2.988],[114.7259,-2.9757],[114.7108,-2.9751],[114.627,-2.8965],[114.6309,-2.8935],[114.6349,-2.8869],[114.6609,-2.8659],[114.6875,-2.8458],[114.7355,-2.8069]]]}},{"type":"Feature","properties":{"nama_kec":"Padang Batung","kab_id":"hss","kab_name":"Kab. Hulu Sungai Selatan","kab_label_asli":"Kab. Hulu Sungai Selatan","kab_dikoreksi":false,"cx":115.3138,"cy":-2.8507,"ndmi_arsip":0.104,"lst_arsip":36.3,"peat_pct":12},"geometry":{"type":"Polygon","coordinates":[[[115.2791,-2.7542],[115.2811,-2.7516],[115.2889,-2.7516],[115.2926,-2.7534],[115.2994,-2.7514],[115.3033,-2.7555],[115.3117,-2.7561],[115.3167,-2.7577],[115.3203,-2.7608],[115.3219,-2.7638],[115.3307,-2.7682],[115.3367,-2.7679],[115.3486,-2.7723],[115.3503,-2.775],[115.3528,-2.7841],[115.3587,-2.7838],[115.3663,-2.7817],[115.372,-2.7813],[115.3786,-2.7829],[115.3753,-2.791],[115.3706,-2.7986],[115.362,-2.809],[115.3588,-2.8118],[115.3562,-2.8164],[115.3587,-2.8296],[115.3578,-2.8372],[115.3586,-2.8397],[115.3655,-2.8478],[115.3669,-2.8529],[115.3693,-2.8553],[115.3744,-2.8576],[115.3796,-2.8657],[115.3803,-2.8682],[115.3799,-2.8704],[115.3831,-2.8794],[115.3754,-2.8937],[115.3752,-2.8956],[115.3773,-2.8989],[115.3846,-2.9044],[115.3844,-2.9063],[115.382,-2.9141],[115.3797,-2.9175],[115.3716,-2.9232],[115.3643,-2.9266],[115.3551,-2.9342],[115.351,-2.9361],[115.3444,-2.9372],[115.3383,-2.9366],[115.3331,-2.9327],[115.3313,-2.9326],[115.3292,-2.9334],[115.3277,-2.9351],[115.3237,-2.9357],[115.3201,-2.9334],[115.3179,-2.9251],[115.3152,-2.9239],[115.3096,-2.9242],[115.3055,-2.923],[115.3016,-2.9235],[115.299,-2.9265],[115.2977,-2.9318],[115.2965,-2.9329],[115.2871,-2.9295],[115.2826,-2.9295],[115.2817,-2.9279],[115.2807,-2.9172],[115.2691,-2.9026],[115.2673,-2.8964],[115.263,-2.8926],[115.2591,-2.8919],[115.2569,-2.8888],[115.2573,-2.8877],[115.2634,-2.884],[115.2662,-2.8789],[115.2701,-2.8748],[115.2698,-2.8723],[115.2717,-2.8712],[115.2738,-2.8715],[115.2746,-2.8706],[115.2742,-2.8695],[115.2683,-2.8672],[115.2629,-2.8636],[115.2607,-2.8591],[115.262,-2.8539],[115.2668,-2.8496],[115.2729,-2.8474],[115.2751,-2.845],[115.2797,-2.8422],[115.2813,-2.84],[115.2789,-2.8321],[115.2739,-2.8301],[115.2719,-2.8282],[115.2659,-2.8192],[115.2652,-2.8115],[115.2679,-2.8065],[115.2756,-2.8051],[115.2784,-2.8037],[115.2808,-2.8068],[115.2871,-2.8065],[115.2883,-2.8057],[115.289,-2.803],[115.2883,-2.8007],[115.2867,-2.8],[115.2865,-2.7968],[115.2801,-2.7837],[115.277,-2.772],[115.2775,-2.7575],[115.2791,-2.7542]]]}},{"type":"Feature","properties":{"nama_kec":"Kelumpang Utara","kab_id":"kotabaru","kab_name":"Kab. Kotabaru","kab_label_asli":"Kab. Kotabaru","kab_dikoreksi":false,"cx":116.3178,"cy":-2.8674,"ndmi_arsip":-0.06,"lst_arsip":38.8,"peat_pct":10},"geometry":{"type":"Polygon","coordinates":[[[116.2841,-2.7775],[116.2908,-2.7736],[116.3192,-2.767],[116.3274,-2.7663],[116.3526,-2.7681],[116.3586,-2.7645],[116.3596,-2.7652],[116.3639,-2.7883],[116.37,-2.8029],[116.3708,-2.8032],[116.3716,-2.8025],[116.3722,-2.8033],[116.3705,-2.8163],[116.3676,-2.8227],[116.3648,-2.8338],[116.3642,-2.8432],[116.3605,-2.8562],[116.3603,-2.8609],[116.3593,-2.8638],[116.3624,-2.8732],[116.3643,-2.8747],[116.3642,-2.8781],[116.3596,-2.8832],[116.3532,-2.8877],[116.3517,-2.8875],[116.351,-2.8849],[116.3498,-2.8837],[116.3509,-2.8857],[116.3507,-2.8879],[116.3411,-2.8997],[116.3344,-2.9112],[116.332,-2.9139],[116.3259,-2.9245],[116.3249,-2.9313],[116.3213,-2.9355],[116.3199,-2.9352],[116.3187,-2.9364],[116.3168,-2.9438],[116.315,-2.9473],[116.3111,-2.9505],[116.31,-2.9537],[116.3081,-2.9545],[116.3018,-2.9639],[116.2988,-2.9662],[116.2966,-2.9691],[116.2897,-2.9602],[116.2862,-2.9461],[116.2789,-2.9346],[116.2747,-2.9314],[116.2666,-2.9224],[116.2609,-2.9189],[116.25,-2.9086],[116.2459,-2.9034],[116.2457,-2.8728],[116.2492,-2.8682],[116.2493,-2.83],[116.2448,-2.8173],[116.2401,-2.8131],[116.2461,-2.7782],[116.25,-2.7709],[116.2595,-2.7705],[116.2798,-2.7786],[116.2841,-2.7775]]]}},{"type":"Feature","properties":{"nama_kec":"Candilaras Selatan","kab_id":"tapin","kab_name":"Kab. Tapin","kab_label_asli":"Kab. Tapin","kab_dikoreksi":false,"cx":115.0112,"cy":-2.8335,"ndmi_arsip":-0.172,"lst_arsip":32.1,"peat_pct":29},"geometry":{"type":"Polygon","coordinates":[[[115.0146,-2.7714],[115.0206,-2.7773],[115.0246,-2.7796],[115.0434,-2.7853],[115.0481,-2.7854],[115.0547,-2.7839],[115.0596,-2.7847],[115.0664,-2.7828],[115.0697,-2.7833],[115.0741,-2.7864],[115.0757,-2.7901],[115.0746,-2.7976],[115.0734,-2.7995],[115.0726,-2.811],[115.0682,-2.8183],[115.0681,-2.8266],[115.063,-2.8349],[115.0637,-2.8371],[115.0623,-2.8397],[115.0631,-2.8412],[115.0684,-2.8457],[115.0804,-2.8684],[115.0414,-2.91],[115.0413,-2.9115],[115.0479,-2.9185],[115.0477,-2.9201],[114.9216,-2.9753],[114.9295,-2.888],[114.9311,-2.8826],[114.9349,-2.8805],[114.9275,-2.876],[114.8888,-2.8598],[114.8879,-2.859],[114.8882,-2.8581],[114.8914,-2.8522],[114.9148,-2.8201],[114.9268,-2.8198],[114.9284,-2.8192],[114.9742,-2.7895],[115.0146,-2.7714]]]}},{"type":"Feature","properties":{"nama_kec":"Sungai Raya","kab_id":"hss","kab_name":"Kab. Hulu Sungai Selatan","kab_label_asli":"Kab. Hulu Sungai Selatan","kab_dikoreksi":false,"cx":115.2396,"cy":-2.8505,"ndmi_arsip":0.016,"lst_arsip":33.4,"peat_pct":8},"geometry":{"type":"Polygon","coordinates":[[[115.2481,-2.7967],[115.2599,-2.8004],[115.2679,-2.8065],[115.2652,-2.8115],[115.2659,-2.8192],[115.2719,-2.8282],[115.2739,-2.8301],[115.2789,-2.8321],[115.2813,-2.84],[115.2797,-2.8422],[115.2751,-2.845],[115.2729,-2.8474],[115.2668,-2.8496],[115.262,-2.8539],[115.2607,-2.8591],[115.2629,-2.8636],[115.2683,-2.8672],[115.2742,-2.8695],[115.2746,-2.8706],[115.2738,-2.8715],[115.2717,-2.8712],[115.2698,-2.8723],[115.2701,-2.8748],[115.2662,-2.8789],[115.2634,-2.884],[115.2573,-2.8877],[115.2569,-2.8888],[115.2591,-2.8919],[115.2542,-2.8917],[115.2464,-2.8878],[115.2398,-2.8803],[115.233,-2.8709],[115.2308,-2.8701],[115.2286,-2.8704],[115.226,-2.8718],[115.2149,-2.8742],[115.2072,-2.8712],[115.1998,-2.8699],[115.1878,-2.8656],[115.186,-2.8637],[115.185,-2.8594],[115.1748,-2.8547],[115.1541,-2.8478],[115.1551,-2.8374],[115.156,-2.8364],[115.1726,-2.8359],[115.189,-2.8332],[115.2003,-2.8328],[115.2054,-2.8316],[115.2258,-2.8231],[115.2332,-2.8185],[115.2393,-2.8159],[115.2416,-2.8146],[115.2446,-2.799],[115.2481,-2.7967]]]}},{"type":"Feature","properties":{"nama_kec":"Kelumpang Tengah","kab_id":"kotabaru","kab_name":"Kab. Kotabaru","kab_label_asli":"Kab. Kotabaru","kab_dikoreksi":false,"cx":116.1239,"cy":-2.8269,"ndmi_arsip":-0.046,"lst_arsip":39.3,"peat_pct":17},"geometry":{"type":"Polygon","coordinates":[[[116.1244,-2.8281],[116.1222,-2.8278],[116.121,-2.826],[116.1225,-2.8232],[116.1263,-2.827],[116.1262,-2.8278],[116.1244,-2.8281]]]}},{"type":"Feature","properties":{"nama_kec":"Sungai Pinang","kab_id":"banjar","kab_name":"Kab. Banjar","kab_label_asli":"Kab. Banjar","kab_dikoreksi":false,"cx":115.355,"cy":-3.1388,"ndmi_arsip":0.034,"lst_arsip":38.6,"peat_pct":27},"geometry":{"type":"Polygon","coordinates":[[[115.5074,-2.8864],[115.5124,-2.8845],[115.5183,-2.8752],[115.5238,-2.8705],[115.5271,-2.8609],[115.5403,-2.8473],[115.5413,-2.8397],[115.5443,-2.8334],[115.5499,-2.8297],[115.5544,-2.8293],[115.5562,-2.8297],[115.5556,-2.8344],[115.5563,-2.8388],[115.5658,-2.845],[115.5716,-2.8516],[115.5711,-2.8607],[115.5759,-2.8679],[115.5769,-2.8716],[115.577,-2.8835],[115.5778,-2.8843],[115.5866,-2.8859],[115.5949,-2.8889],[115.5959,-2.8907],[115.595,-2.8939],[115.5857,-2.9047],[115.5851,-2.908],[115.5816,-2.9115],[115.5809,-2.9201],[115.5777,-2.9301],[115.5752,-2.9339],[115.5681,-2.9405],[115.554,-2.9442],[115.5413,-2.9375],[115.5391,-2.9376],[115.5288,-2.974],[115.5237,-2.9798],[115.509,-2.9904],[115.4981,-3.0002],[115.4901,-3.0092],[115.4834,-3.0135],[115.4814,-3.0159],[115.4796,-3.0276],[115.4805,-3.0343],[115.4755,-3.0379],[115.473,-3.0455],[115.4726,-3.0527],[115.4758,-3.0698],[115.4755,-3.0721],[115.4743,-3.0739],[115.4661,-3.077],[115.4607,-3.0809],[115.4592,-3.0833],[115.4574,-3.0914],[115.4558,-3.0939],[115.4533,-3.0949],[115.4378,-3.0976],[115.4311,-3.1015],[115.4249,-3.1035],[115.4204,-3.1088],[115.4131,-3.1138],[115.4083,-3.1228],[115.4005,-3.1277],[115.4018,-3.1329],[115.401,-3.1344],[115.3953,-3.1384],[115.3948,-3.1401],[115.3957,-3.1429],[115.3951,-3.1451],[115.3901,-3.1524],[115.3929,-3.1598],[115.3921,-3.1628],[115.3827,-3.1734],[115.3784,-3.1883],[115.3746,-3.1969],[115.3764,-3.2045],[115.3763,-3.2074],[115.3749,-3.2121],[115.3788,-3.2201],[115.3784,-3.2265],[115.3773,-3.2298],[115.3759,-3.2318],[115.3726,-3.2327],[115.3726,-3.2369],[115.3715,-3.2391],[115.368,-3.2397],[115.3639,-3.2386],[115.362,-3.237],[115.3607,-3.2372],[115.3604,-3.24],[115.3586,-3.2423],[115.3512,-3.2434],[115.3478,-3.2463],[115.3402,-3.251],[115.3406,-3.2537],[115.342,-3.2544],[115.3557,-3.2544],[115.3647,-3.2558],[115.3786,-3.2599],[115.3899,-3.265],[115.417,-3.2789],[115.4193,-3.2794],[115.4246,-3.2873],[115.4276,-3.2936],[115.4279,-3.2967],[115.4267,-3.2995],[115.4186,-3.3093],[115.4158,-3.3155],[115.4163,-3.3213],[115.419,-3.3258],[115.4191,-3.328],[115.4175,-3.3347],[115.4164,-3.3366],[115.4055,-3.3386],[115.403,-3.3405],[115.4023,-3.342],[115.4023,-3.3471],[115.3962,-3.3617],[115.3962,-3.3631],[115.3986,-3.3671],[115.3986,-3.3726],[115.3958,-3.3756],[115.3954,-3.3774],[115.3754,-3.38],[115.329,-3.3924],[115.3097,-3.3943],[115.278,-3.3924],[115.2756,-3.3905],[115.2703,-3.3808],[115.2656,-3.3757],[115.2602,-3.3732],[115.2533,-3.3725],[115.2485,-3.373],[115.2423,-3.3828],[115.2306,-3.3887],[115.2211,-3.3911],[115.212,-3.3903],[115.1924,-3.3669],[115.1958,-3.364],[115.1976,-3.3593],[115.1975,-3.3567],[115.2013,-3.3539],[115.204,-3.3484],[115.2042,-3.3465],[115.2035,-3.3453],[115.2061,-3.3379],[115.2062,-3.3337],[115.2074,-3.3317],[115.209,-3.3308],[115.2101,-3.326],[115.21,-3.3243],[115.2072,-3.3213],[115.2074,-3.3201],[115.2203,-3.313],[115.2236,-3.3097],[115.2293,-3.3084],[115.2312,-3.3046],[115.2359,-3.301],[115.2389,-3.3014],[115.2399,-3.3026],[115.2425,-3.3008],[115.2439,-3.3025],[115.2444,-3.3016],[115.2427,-3.2963],[115.2409,-3.2953],[115.2382,-3.2964],[115.2368,-3.2929],[115.235,-3.2918],[115.2324,-3.2929],[115.2317,-3.2925],[115.2315,-3.2907],[115.2299,-3.2898],[115.2329,-3.2892],[115.2313,-3.2872],[115.2299,-3.2879],[115.2278,-3.2868],[115.2266,-3.2885],[115.2255,-3.2882],[115.227,-3.284],[115.2262,-3.2789],[115.2256,-3.281],[115.2247,-3.281],[115.2257,-3.2777],[115.229,-3.277],[115.2294,-3.2744],[115.2319,-3.2759],[115.233,-3.2757],[115.2313,-3.274],[115.2313,-3.2722],[115.2341,-3.2667],[115.2369,-3.2657],[115.2391,-3.2614],[115.238,-3.2602],[115.24,-3.2563],[115.2384,-3.2548],[115.2382,-3.2493],[115.2359,-3.2484],[115.2354,-3.2471],[115.2364,-3.2449],[115.2399,-3.2447],[115.2394,-3.2428],[115.2408,-3.2401],[115.2381,-3.2362],[115.2351,-3.236],[115.2138,-3.221],[115.2093,-3.2154],[115.2038,-3.2126],[115.2033,-3.2029],[115.2052,-3.2003],[115.2066,-3.1957],[115.2105,-3.1905],[115.2145,-3.1871],[115.2217,-3.1844],[115.224,-3.1826],[115.2288,-3.1734],[115.2378,-3.1656],[115.2391,-3.1636],[115.2397,-3.1623],[115.2385,-3.1579],[115.239,-3.1505],[115.2416,-3.1405],[115.2418,-3.1354],[115.2403,-3.1298],[115.2414,-3.1277],[115.2534,-3.1195],[115.2569,-3.119],[115.2677,-3.1152],[115.2711,-3.1129],[115.273,-3.1098],[115.2736,-3.1035],[115.2778,-3.0996],[115.2812,-3.0936],[115.2879,-3.0902],[115.2892,-3.0885],[115.2897,-3.0864],[115.2882,-3.0751],[115.2877,-3.0604],[115.278,-3.0486],[115.2689,-3.0469],[115.2649,-3.0453],[115.2644,-3.0444],[115.2664,-3.0317],[115.2666,-3.0198],[115.2705,-3.0093],[115.2736,-3.0047],[115.2757,-3.0035],[115.2766,-2.9998],[115.2789,-2.9967],[115.2817,-2.9966],[115.2846,-2.9936],[115.2912,-2.9909],[115.2967,-2.991],[115.2987,-2.9886],[115.3125,-2.9814],[115.3127,-2.9768],[115.3153,-2.9724],[115.3225,-2.9686],[115.3322,-2.9679],[115.3401,-2.9652],[115.3452,-2.966],[115.3458,-2.9701],[115.347,-2.9718],[115.3495,-2.9721],[115.3524,-2.975],[115.3506,-2.9785],[115.3514,-2.9831],[115.3564,-2.9845],[115.3618,-2.9816],[115.3752,-2.9775],[115.3876,-2.9785],[115.3901,-2.9812],[115.3915,-2.9882],[115.3987,-2.9955],[115.4006,-2.9957],[115.4038,-2.9934],[115.4129,-2.9823],[115.42,-2.9828],[115.4299,-2.977],[115.4345,-2.9763],[115.4358,-2.9752],[115.4408,-2.9648],[115.4445,-2.9591],[115.4531,-2.9525],[115.4571,-2.9513],[115.459,-2.9499],[115.4634,-2.9444],[115.4653,-2.9434],[115.4761,-2.9416],[115.4798,-2.9327],[115.484,-2.9253],[115.4851,-2.9164],[115.4871,-2.9142],[115.4947,-2.9103],[115.496,-2.9086],[115.4971,-2.9041],[115.5006,-2.9014],[115.5054,-2.8894],[115.5074,-2.8864]]]}},{"type":"Feature","properties":{"nama_kec":"Bekarangan","kab_id":"tapin","kab_name":"Kab. Tapin","kab_label_asli":"Kab. Tapin","kab_dikoreksi":false,"cx":115.1067,"cy":-2.8764,"ndmi_arsip":-0.16,"lst_arsip":32.5,"peat_pct":15},"geometry":{"type":"Polygon","coordinates":[[[115.0684,-2.8457],[115.0756,-2.8426],[115.0795,-2.84],[115.081,-2.8396],[115.0845,-2.8414],[115.0856,-2.8411],[115.0881,-2.8357],[115.088,-2.8317],[115.0902,-2.8298],[115.0946,-2.8292],[115.0977,-2.8321],[115.1003,-2.8328],[115.0997,-2.835],[115.1002,-2.8356],[115.1049,-2.8354],[115.1062,-2.8366],[115.1093,-2.835],[115.127,-2.8389],[115.1541,-2.8478],[115.1539,-2.8552],[115.1551,-2.8625],[115.1508,-2.886],[115.149,-2.8884],[115.1396,-2.8931],[115.1381,-2.8996],[115.1386,-2.912],[115.1396,-2.9185],[115.1378,-2.9205],[115.1365,-2.9239],[115.1255,-2.93],[115.1248,-2.9324],[115.1251,-2.9354],[115.1173,-2.9337],[115.0942,-2.9325],[115.0876,-2.9299],[115.0822,-2.9237],[115.0784,-2.9166],[115.078,-2.9135],[115.0791,-2.9117],[115.0896,-2.9092],[115.0982,-2.8989],[115.0994,-2.8965],[115.0989,-2.8941],[115.0804,-2.8684],[115.0684,-2.8457]]]}},{"type":"Feature","properties":{"nama_kec":"Lokpaikat","kab_id":"tapin","kab_name":"Kab. Tapin","kab_label_asli":"Kab. Tapin","kab_dikoreksi":false,"cx":115.2105,"cy":-2.9169,"ndmi_arsip":-0.148,"lst_arsip":32.9,"peat_pct":21},"geometry":{"type":"Polygon","coordinates":[[[115.1527,-2.8765],[115.1551,-2.8625],[115.1539,-2.8552],[115.1541,-2.8478],[115.1748,-2.8547],[115.185,-2.8594],[115.186,-2.8637],[115.1878,-2.8656],[115.1998,-2.8699],[115.2072,-2.8712],[115.2149,-2.8742],[115.226,-2.8718],[115.2286,-2.8704],[115.2308,-2.8701],[115.233,-2.8709],[115.2398,-2.8803],[115.2464,-2.8878],[115.2542,-2.8917],[115.263,-2.8926],[115.2673,-2.8964],[115.2691,-2.9026],[115.2807,-2.9172],[115.2817,-2.9279],[115.2826,-2.9294],[115.2809,-2.9316],[115.277,-2.9339],[115.2688,-2.9426],[115.2625,-2.9428],[115.2572,-2.9414],[115.2485,-2.9426],[115.2462,-2.9447],[115.244,-2.9526],[115.2317,-2.963],[115.2273,-2.9686],[115.2211,-2.9677],[115.2193,-2.9693],[115.2156,-2.9697],[115.2138,-2.9708],[115.2079,-2.9669],[115.2002,-2.9689],[115.1968,-2.9671],[115.1882,-2.9666],[115.1863,-2.9631],[115.1836,-2.9626],[115.1819,-2.9607],[115.1782,-2.959],[115.1762,-2.9561],[115.1727,-2.9557],[115.1763,-2.9339],[115.1758,-2.9314],[115.1719,-2.9276],[115.171,-2.921],[115.1716,-2.9183],[115.1706,-2.9156],[115.1697,-2.9053],[115.1703,-2.9028],[115.1696,-2.8999],[115.1609,-2.8861],[115.1527,-2.8765]]]}},{"type":"Feature","properties":{"nama_kec":"Kelumpang Tengah","kab_id":"kotabaru","kab_name":"Kab. Kotabaru","kab_label_asli":"Kab. Kotabaru","kab_dikoreksi":false,"cx":116.0777,"cy":-2.8523,"ndmi_arsip":-0.046,"lst_arsip":39.3,"peat_pct":17},"geometry":{"type":"Polygon","coordinates":[[[116.0774,-2.8544],[116.0774,-2.8519],[116.0759,-2.8507],[116.0769,-2.8497],[116.0789,-2.8513],[116.0797,-2.8535],[116.0774,-2.8544]]]}},{"type":"Feature","properties":{"nama_kec":"Kelumpang Tengah","kab_id":"kotabaru","kab_name":"Kab. Kotabaru","kab_label_asli":"Kab. Kotabaru","kab_dikoreksi":false,"cx":116.0824,"cy":-2.8549,"ndmi_arsip":-0.046,"lst_arsip":39.3,"peat_pct":17},"geometry":{"type":"Polygon","coordinates":[[[116.084,-2.8583],[116.0824,-2.8574],[116.0819,-2.8554],[116.0802,-2.8543],[116.0791,-2.8524],[116.0796,-2.8515],[116.0829,-2.8521],[116.0855,-2.8541],[116.084,-2.8551],[116.084,-2.8583]]]}},{"type":"Feature","properties":{"nama_kec":"Kelumpang Tengah","kab_id":"kotabaru","kab_name":"Kab. Kotabaru","kab_label_asli":"Kab. Kotabaru","kab_dikoreksi":false,"cx":116.0892,"cy":-2.8584,"ndmi_arsip":-0.046,"lst_arsip":39.3,"peat_pct":17},"geometry":{"type":"Polygon","coordinates":[[[116.0935,-2.8607],[116.0848,-2.8583],[116.0845,-2.8555],[116.0859,-2.8554],[116.0905,-2.8589],[116.0948,-2.8587],[116.0955,-2.8605],[116.0935,-2.8607]]]}},{"type":"Feature","properties":{"nama_kec":"Kelumpang Tengah","kab_id":"kotabaru","kab_name":"Kab. Kotabaru","kab_label_asli":"Kab. Kotabaru","kab_dikoreksi":false,"cx":116.0812,"cy":-2.8564,"ndmi_arsip":-0.046,"lst_arsip":39.3,"peat_pct":17},"geometry":{"type":"Polygon","coordinates":[[[116.0812,-2.8568],[116.0813,-2.8556],[116.0812,-2.8568]]]}},{"type":"Feature","properties":{"nama_kec":"Kelumpang Tengah","kab_id":"kotabaru","kab_name":"Kab. Kotabaru","kab_label_asli":"Kab. Kotabaru","kab_dikoreksi":false,"cx":116.1023,"cy":-2.8586,"ndmi_arsip":-0.046,"lst_arsip":39.3,"peat_pct":17},"geometry":{"type":"Polygon","coordinates":[[[116.1027,-2.8599],[116.1007,-2.8585],[116.1006,-2.857],[116.1029,-2.857],[116.104,-2.8593],[116.1027,-2.8599]]]}},{"type":"Feature","properties":{"nama_kec":"Kelumpang Tengah","kab_id":"kotabaru","kab_name":"Kab. Kotabaru","kab_label_asli":"Kab. Kotabaru","kab_dikoreksi":false,"cx":116.0896,"cy":-2.8579,"ndmi_arsip":-0.046,"lst_arsip":39.3,"peat_pct":17},"geometry":{"type":"Polygon","coordinates":[[[116.0897,-2.8582],[116.0894,-2.8572],[116.0897,-2.8582]]]}},{"type":"Feature","properties":{"nama_kec":"Kelumpang Tengah","kab_id":"kotabaru","kab_name":"Kab. Kotabaru","kab_label_asli":"Kab. Kotabaru","kab_dikoreksi":false,"cx":116.0977,"cy":-2.8603,"ndmi_arsip":-0.046,"lst_arsip":39.3,"peat_pct":17},"geometry":{"type":"Polygon","coordinates":[[[116.0973,-2.8613],[116.0964,-2.8609],[116.0958,-2.8592],[116.0993,-2.8589],[116.1003,-2.8601],[116.0973,-2.8613]]]}},{"type":"Feature","properties":{"nama_kec":"Kelumpang Tengah","kab_id":"kotabaru","kab_name":"Kab. Kotabaru","kab_label_asli":"Kab. Kotabaru","kab_dikoreksi":false,"cx":116.0856,"cy":-2.8604,"ndmi_arsip":-0.046,"lst_arsip":39.3,"peat_pct":17},"geometry":{"type":"Polygon","coordinates":[[[116.0853,-2.861],[116.0849,-2.8596],[116.0868,-2.86],[116.0853,-2.861]]]}},{"type":"Feature","properties":{"nama_kec":"Kelumpang Tengah","kab_id":"kotabaru","kab_name":"Kab. Kotabaru","kab_label_asli":"Kab. Kotabaru","kab_dikoreksi":false,"cx":116.1044,"cy":-2.8609,"ndmi_arsip":-0.046,"lst_arsip":39.3,"peat_pct":17},"geometry":{"type":"Polygon","coordinates":[[[116.105,-2.8616],[116.1032,-2.8603],[116.1043,-2.8603],[116.105,-2.8616]]]}},{"type":"Feature","properties":{"nama_kec":"Kelumpang Tengah","kab_id":"kotabaru","kab_name":"Kab. Kotabaru","kab_label_asli":"Kab. Kotabaru","kab_dikoreksi":false,"cx":116.099,"cy":-2.8638,"ndmi_arsip":-0.046,"lst_arsip":39.3,"peat_pct":17},"geometry":{"type":"Polygon","coordinates":[[[116.1007,-2.8657],[116.094,-2.8624],[116.0964,-2.8619],[116.1002,-2.863],[116.1022,-2.8644],[116.1007,-2.8657]]]}},{"type":"Feature","properties":{"nama_kec":"Kelumpang Tengah","kab_id":"kotabaru","kab_name":"Kab. Kotabaru","kab_label_asli":"Kab. Kotabaru","kab_dikoreksi":false,"cx":116.1097,"cy":-2.8681,"ndmi_arsip":-0.046,"lst_arsip":39.3,"peat_pct":17},"geometry":{"type":"Polygon","coordinates":[[[116.1139,-2.8702],[116.107,-2.8678],[116.1032,-2.8683],[116.1021,-2.8654],[116.1031,-2.8649],[116.116,-2.8677],[116.1181,-2.87],[116.1139,-2.8702]]]}},{"type":"Feature","properties":{"nama_kec":"Kelumpang Tengah","kab_id":"kotabaru","kab_name":"Kab. Kotabaru","kab_label_asli":"Kab. Kotabaru","kab_dikoreksi":false,"cx":116.1189,"cy":-2.8692,"ndmi_arsip":-0.046,"lst_arsip":39.3,"peat_pct":17},"geometry":{"type":"Polygon","coordinates":[[[116.1193,-2.8698],[116.1176,-2.8681],[116.1194,-2.869],[116.1193,-2.8698]]]}},{"type":"Feature","properties":{"nama_kec":"Tapin Tengah","kab_id":"tapin","kab_name":"Kab. Tapin","kab_label_asli":"Kab. Tapin","kab_dikoreksi":false,"cx":115.0435,"cy":-2.9712,"ndmi_arsip":-0.026,"lst_arsip":37.0,"peat_pct":22},"geometry":{"type":"Polygon","coordinates":[[[115.0804,-2.8684],[115.0989,-2.8941],[115.0994,-2.8965],[115.0982,-2.8989],[115.0896,-2.9092],[115.0791,-2.9117],[115.078,-2.9135],[115.0784,-2.9166],[115.0822,-2.9237],[115.0876,-2.9299],[115.0942,-2.9325],[115.1173,-2.9337],[115.1251,-2.9354],[115.126,-2.9379],[115.1282,-2.9395],[115.1296,-2.9418],[115.134,-2.9603],[115.1342,-2.9711],[115.1211,-2.9686],[115.1182,-2.9687],[115.1039,-2.9769],[115.0998,-2.977],[115.0958,-2.9782],[115.0948,-2.9817],[115.0947,-2.9894],[115.0866,-2.995],[115.0754,-2.9998],[115.0611,-3.0021],[115.0458,-3.0079],[115.0201,-3.0209],[115.0094,-3.0282],[114.9998,-3.0334],[114.9929,-3.0395],[114.9881,-3.0463],[114.9837,-3.0627],[114.9731,-3.0953],[114.9695,-3.1034],[114.9627,-3.0971],[114.8509,-3.0258],[114.8484,-3.023],[114.8378,-3.018],[114.8318,-3.018],[114.8275,-3.0154],[114.9216,-2.9753],[115.0477,-2.9201],[115.0479,-2.9185],[115.0413,-2.9115],[115.0414,-2.91],[115.0804,-2.8684]]]}},{"type":"Feature","properties":{"nama_kec":"Piani","kab_id":"tapin","kab_name":"Kab. Tapin","kab_label_asli":"Kab. Hulu Sungai Selatan","kab_dikoreksi":true,"cx":115.3707,"cy":-2.9373,"ndmi_arsip":0.098,"lst_arsip":36.1,"peat_pct":9},"geometry":{"type":"Polygon","coordinates":[[[115.3824,-2.8818],[115.3838,-2.8822],[115.3864,-2.8855],[115.3926,-2.8856],[115.3978,-2.8895],[115.4056,-2.8903],[115.4119,-2.8923],[115.4156,-2.8921],[115.4172,-2.89],[115.4187,-2.8896],[115.4239,-2.8901],[115.431,-2.888],[115.4374,-2.8839],[115.4388,-2.8841],[115.443,-2.8891],[115.4451,-2.8886],[115.4515,-2.8826],[115.4567,-2.8742],[115.4579,-2.8732],[115.462,-2.8721],[115.4727,-2.8748],[115.4784,-2.873],[115.4891,-2.8788],[115.5,-2.8805],[115.5061,-2.8845],[115.5074,-2.8864],[115.5054,-2.8894],[115.5006,-2.9014],[115.4971,-2.9041],[115.496,-2.9086],[115.4947,-2.9103],[115.4871,-2.9142],[115.4851,-2.9164],[115.484,-2.9253],[115.4798,-2.9327],[115.4761,-2.9416],[115.4653,-2.9434],[115.4634,-2.9444],[115.459,-2.9499],[115.4571,-2.9513],[115.4531,-2.9525],[115.4445,-2.9591],[115.4408,-2.9648],[115.4358,-2.9752],[115.4345,-2.9763],[115.4299,-2.977],[115.42,-2.9828],[115.4129,-2.9823],[115.4038,-2.9934],[115.4006,-2.9957],[115.3987,-2.9955],[115.3915,-2.9882],[115.3901,-2.9812],[115.3876,-2.9785],[115.3752,-2.9775],[115.3618,-2.9816],[115.3564,-2.9845],[115.3514,-2.9831],[115.3506,-2.9785],[115.3524,-2.975],[115.3495,-2.9721],[115.347,-2.9718],[115.3458,-2.9701],[115.3452,-2.966],[115.3425,-2.9652],[115.3401,-2.9652],[115.3322,-2.9679],[115.3204,-2.9694],[115.3153,-2.9724],[115.3137,-2.9743],[115.3127,-2.9768],[115.3125,-2.9814],[115.3108,-2.9826],[115.2987,-2.9886],[115.2967,-2.991],[115.2912,-2.9909],[115.2846,-2.9936],[115.2829,-2.9954],[115.2814,-2.9891],[115.2801,-2.9874],[115.2729,-2.9845],[115.2724,-2.9801],[115.2652,-2.9775],[115.2636,-2.975],[115.2602,-2.9731],[115.2366,-2.9705],[115.2273,-2.9686],[115.2317,-2.963],[115.244,-2.9526],[115.2462,-2.9447],[115.2485,-2.9426],[115.2572,-2.9414],[115.2625,-2.9428],[115.2688,-2.9426],[115.277,-2.9339],[115.2809,-2.9316],[115.2826,-2.9294],[115.2871,-2.9295],[115.2965,-2.9329],[115.2977,-2.9318],[115.299,-2.9265],[115.3016,-2.9235],[115.3055,-2.923],[115.3096,-2.9242],[115.3152,-2.9239],[115.3179,-2.9251],[115.3201,-2.9334],[115.3237,-2.9357],[115.3277,-2.9351],[115.3292,-2.9334],[115.3313,-2.9326],[115.3331,-2.9327],[115.3383,-2.9366],[115.3426,-2.9372],[115.351,-2.9361],[115.3551,-2.9342],[115.3643,-2.9266],[115.3744,-2.9215],[115.3812,-2.9159],[115.3836,-2.91],[115.3846,-2.9044],[115.3773,-2.8989],[115.3752,-2.8956],[115.3754,-2.8937],[115.3824,-2.8818]]]}},{"type":"Feature","properties":{"nama_kec":"Tapin Utara","kab_id":"tapin","kab_name":"Kab. Tapin","kab_label_asli":"Kab. Tapin","kab_dikoreksi":false,"cx":115.1505,"cy":-2.9209,"ndmi_arsip":-0.096,"lst_arsip":34.7,"peat_pct":27},"geometry":{"type":"Polygon","coordinates":[[[115.1251,-2.9354],[115.1248,-2.9324],[115.1255,-2.93],[115.1365,-2.9239],[115.1378,-2.9205],[115.1396,-2.9185],[115.1386,-2.912],[115.1385,-2.8956],[115.1396,-2.8931],[115.149,-2.8884],[115.1508,-2.886],[115.1527,-2.8765],[115.1609,-2.8861],[115.1696,-2.8999],[115.1703,-2.9028],[115.1697,-2.9053],[115.1706,-2.9156],[115.1716,-2.9183],[115.171,-2.921],[115.1719,-2.9276],[115.1758,-2.9314],[115.1763,-2.9339],[115.1727,-2.9557],[115.1694,-2.9553],[115.164,-2.9529],[115.1325,-2.9539],[115.1296,-2.9418],[115.1282,-2.9395],[115.126,-2.9379],[115.1251,-2.9354]]]}},{"type":"Feature","properties":{"nama_kec":"Kelumpang Tengah","kab_id":"kotabaru","kab_name":"Kab. Kotabaru","kab_label_asli":"Kab. Kotabaru","kab_dikoreksi":false,"cx":116.1727,"cy":-2.9255,"ndmi_arsip":-0.046,"lst_arsip":39.3,"peat_pct":17},"geometry":{"type":"Polygon","coordinates":[[[116.1528,-2.8997],[116.1541,-2.9017],[116.1583,-2.9025],[116.1607,-2.9069],[116.1643,-2.9076],[116.169,-2.9111],[116.1699,-2.9129],[116.1694,-2.9153],[116.1703,-2.9154],[116.1731,-2.92],[116.1752,-2.9209],[116.1772,-2.9236],[116.1812,-2.9267],[116.1882,-2.9276],[116.1914,-2.9331],[116.1915,-2.9353],[116.192,-2.9357],[116.1925,-2.9334],[116.1993,-2.9372],[116.2021,-2.9392],[116.2033,-2.9427],[116.2003,-2.9433],[116.1938,-2.9476],[116.1876,-2.9504],[116.185,-2.9502],[116.1849,-2.9496],[116.1793,-2.9498],[116.1767,-2.946],[116.1745,-2.945],[116.1687,-2.9429],[116.1639,-2.9422],[116.1484,-2.9352],[116.1444,-2.9223],[116.1447,-2.9141],[116.1465,-2.9107],[116.1477,-2.8993],[116.1494,-2.8979],[116.1515,-2.8999],[116.1528,-2.8997]]]}},{"type":"Feature","properties":{"nama_kec":"Barambai","kab_id":"baritokuala","kab_name":"Kab. Barito Kuala","kab_label_asli":"Kab. Barito Kuala","kab_dikoreksi":false,"cx":114.6724,"cy":-3.0335,"ndmi_arsip":-0.192,"lst_arsip":36.8,"peat_pct":74},"geometry":{"type":"Polygon","coordinates":[[[114.5746,-2.9299],[114.627,-2.8965],[114.7109,-2.9752],[114.7054,-3.0134],[114.7142,-3.0325],[114.7212,-3.0412],[114.7223,-3.0449],[114.722,-3.0485],[114.7248,-3.051],[114.7259,-3.0554],[114.7167,-3.0574],[114.7079,-3.0568],[114.7035,-3.0544],[114.6912,-3.0436],[114.688,-3.0427],[114.6843,-3.0437],[114.6773,-3.0481],[114.6781,-3.0495],[114.6857,-3.0554],[114.6881,-3.0597],[114.6858,-3.0689],[114.668,-3.1],[114.6572,-3.0946],[114.6598,-3.0896],[114.6515,-3.0734],[114.6504,-3.0657],[114.6461,-3.0626],[114.6425,-3.0526],[114.6275,-3.0393],[114.6294,-2.9943],[114.6357,-2.9943],[114.6357,-2.9898],[114.6299,-2.9851],[114.5746,-2.9299]]]}},{"type":"Feature","properties":{"nama_kec":"Belawang","kab_id":"baritokuala","kab_name":"Kab. Barito Kuala","kab_label_asli":"Kab. Barito Kuala","kab_dikoreksi":false,"cx":114.602,"cy":-3.0893,"ndmi_arsip":-0.268,"lst_arsip":34.3,"peat_pct":76},"geometry":{"type":"Polygon","coordinates":[[[114.5462,-2.9474],[114.5746,-2.9299],[114.6299,-2.9851],[114.6357,-2.9898],[114.6357,-2.9943],[114.6294,-2.9943],[114.6275,-3.0393],[114.6425,-3.0526],[114.6461,-3.0626],[114.6504,-3.0657],[114.6515,-3.0734],[114.6598,-3.0896],[114.6536,-3.1019],[114.642,-3.1209],[114.6424,-3.1223],[114.6493,-3.1291],[114.6497,-3.1305],[114.6327,-3.166],[114.6315,-3.1653],[114.6234,-3.1823],[114.5857,-3.1638],[114.5831,-3.1619],[114.5818,-3.1595],[114.5789,-3.1576],[114.5766,-3.1574],[114.5801,-3.1504],[114.5874,-3.1408],[114.5889,-3.1375],[114.5753,-3.1329],[114.5725,-3.1305],[114.5779,-3.122],[114.5817,-3.1193],[114.584,-3.1133],[114.5849,-3.1074],[114.5822,-3.1062],[114.5767,-3.1005],[114.5737,-3.0985],[114.5034,-3.0228],[114.5059,-2.9988],[114.5462,-2.9474]]]}},{"type":"Feature","properties":{"nama_kec":"Bungur","kab_id":"tapin","kab_name":"Kab. Tapin","kab_label_asli":"Kab. Tapin","kab_dikoreksi":false,"cx":115.2092,"cy":-2.992,"ndmi_arsip":-0.004,"lst_arsip":37.7,"peat_pct":33},"geometry":{"type":"Polygon","coordinates":[[[115.1325,-2.9539],[115.164,-2.9529],[115.1716,-2.956],[115.1762,-2.9561],[115.1782,-2.959],[115.1819,-2.9607],[115.1836,-2.9626],[115.1863,-2.9631],[115.1882,-2.9666],[115.1968,-2.9671],[115.2002,-2.9689],[115.2079,-2.9669],[115.2138,-2.9708],[115.2156,-2.9697],[115.2193,-2.9693],[115.2211,-2.9677],[115.2226,-2.9675],[115.2366,-2.9705],[115.2602,-2.9731],[115.2636,-2.975],[115.2652,-2.9775],[115.2724,-2.9801],[115.2729,-2.9845],[115.2801,-2.9874],[115.2814,-2.9891],[115.2829,-2.9954],[115.2817,-2.9966],[115.2789,-2.9967],[115.2766,-2.9998],[115.2757,-3.0035],[115.2736,-3.0047],[115.2699,-3.0103],[115.2667,-3.0198],[115.2639,-3.0224],[115.2593,-3.0296],[115.2518,-3.0374],[115.2469,-3.0442],[115.2376,-3.0497],[115.2176,-3.0371],[115.2154,-3.0342],[115.2115,-3.0242],[115.2094,-3.0211],[115.2071,-3.0203],[115.2045,-3.0215],[115.2025,-3.0207],[115.2013,-3.0168],[115.1985,-3.0136],[115.1953,-3.0135],[115.1906,-3.0101],[115.1802,-3.0059],[115.1734,-3.0002],[115.1719,-3.0],[115.17,-3.0018],[115.1684,-3.002],[115.166,-3.0009],[115.1644,-2.9965],[115.1598,-2.9946],[115.1596,-2.9915],[115.152,-2.9887],[115.1424,-2.9835],[115.1408,-2.9815],[115.136,-2.9789],[115.1342,-2.9729],[115.1345,-2.9655],[115.1325,-2.9539]]]}},{"type":"Feature","properties":{"nama_kec":"Tapin Selatan","kab_id":"tapin","kab_name":"Kab. Tapin","kab_label_asli":"Kab. Tapin","kab_dikoreksi":false,"cx":115.1365,"cy":-3.02,"ndmi_arsip":-0.024,"lst_arsip":37.1,"peat_pct":23},"geometry":{"type":"Polygon","coordinates":[[[115.1342,-2.9711],[115.136,-2.9789],[115.1408,-2.9815],[115.1424,-2.9835],[115.152,-2.9887],[115.1596,-2.9915],[115.1598,-2.9946],[115.1644,-2.9965],[115.166,-3.0009],[115.1684,-3.002],[115.17,-3.0018],[115.1719,-3.0],[115.1734,-3.0002],[115.1802,-3.0059],[115.1906,-3.0101],[115.1953,-3.0135],[115.1985,-3.0136],[115.2013,-3.0168],[115.2025,-3.0207],[115.2045,-3.0215],[115.2071,-3.0203],[115.2094,-3.0211],[115.2115,-3.0242],[115.2154,-3.0342],[115.2197,-3.0385],[115.2159,-3.0437],[115.2083,-3.0588],[115.2029,-3.0754],[115.1882,-3.0944],[115.169,-3.1154],[115.1607,-3.1126],[115.1498,-3.1075],[115.1285,-3.096],[115.1143,-3.0872],[115.1011,-3.0759],[114.9793,-3.0757],[114.9881,-3.0463],[114.9929,-3.0395],[114.9998,-3.0334],[115.0094,-3.0282],[115.0201,-3.0209],[115.0458,-3.0079],[115.0611,-3.0021],[115.0754,-2.9998],[115.0866,-2.995],[115.0947,-2.9894],[115.0948,-2.9817],[115.0958,-2.9782],[115.0998,-2.977],[115.1039,-2.9769],[115.1182,-2.9687],[115.1211,-2.9686],[115.1342,-2.9711]]]}},{"type":"Feature","properties":{"nama_kec":"Kelumpang Selatan","kab_id":"kotabaru","kab_name":"Kab. Kotabaru","kab_label_asli":"Kab. Kotabaru","kab_dikoreksi":false,"cx":116.1307,"cy":-2.9858,"ndmi_arsip":-0.216,"lst_arsip":33.6,"peat_pct":12},"geometry":{"type":"Polygon","coordinates":[[[116.1246,-2.9906],[116.1236,-2.9873],[116.1275,-2.9833],[116.1279,-2.9788],[116.132,-2.9749],[116.1353,-2.9745],[116.1353,-2.9788],[116.134,-2.9854],[116.1372,-2.9888],[116.1365,-2.9918],[116.1336,-2.9931],[116.1298,-2.9915],[116.1284,-2.9919],[116.1246,-2.9906]]]}},{"type":"Feature","properties":{"nama_kec":"Kelumpang Selatan","kab_id":"kotabaru","kab_name":"Kab. Kotabaru","kab_label_asli":"Kab. Kotabaru","kab_dikoreksi":false,"cx":116.1561,"cy":-3.0038,"ndmi_arsip":-0.216,"lst_arsip":33.6,"peat_pct":12},"geometry":{"type":"Polygon","coordinates":[[[116.1687,-2.996],[116.1691,-2.995],[116.1711,-2.9951],[116.1762,-2.9973],[116.1769,-2.9985],[116.1745,-3.0067],[116.1724,-3.0189],[116.1726,-3.0324],[116.1693,-3.0375],[116.1621,-3.0327],[116.1553,-3.0304],[116.1551,-3.0297],[116.1594,-3.0203],[116.1604,-3.0161],[116.1594,-3.0129],[116.1541,-3.0106],[116.154,-3.009],[116.1551,-3.0072],[116.1561,-3.0071],[116.1588,-3.0101],[116.16,-3.0089],[116.16,-3.0075],[116.1607,-3.0075],[116.1598,-3.0118],[116.1611,-3.013],[116.1606,-3.0116],[116.1616,-3.0085],[116.1609,-3.007],[116.159,-3.0071],[116.1589,-3.0096],[116.1573,-3.007],[116.1553,-3.0065],[116.1528,-3.0102],[116.1505,-3.0103],[116.1459,-3.0088],[116.1442,-3.0062],[116.1418,-3.0063],[116.1438,-3.0022],[116.1424,-2.9998],[116.143,-3.003],[116.1413,-3.0055],[116.1392,-3.0056],[116.1367,-3.0017],[116.1375,-3.0008],[116.1351,-2.9998],[116.1338,-2.997],[116.1337,-2.995],[116.1376,-2.9915],[116.1383,-2.9896],[116.1349,-2.9857],[116.1363,-2.9767],[116.1384,-2.9774],[116.1426,-2.9849],[116.1465,-2.9881],[116.1492,-2.9897],[116.1529,-2.9903],[116.158,-2.9933],[116.1579,-2.992],[116.1593,-2.9919],[116.1679,-2.9961],[116.1677,-2.9978],[116.1648,-2.9998],[116.1651,-3.0011],[116.1674,-3.0015],[116.1658,-3.0025],[116.1661,-3.0031],[116.1681,-3.0018],[116.1676,-3.0009],[116.1655,-3.0008],[116.1654,-2.9993],[116.1679,-2.9982],[116.1687,-2.996]]]}},{"type":"Feature","properties":{"nama_kec":"Cerbon","kab_id":"baritokuala","kab_name":"Kab. Barito Kuala","kab_label_asli":"Kab. Tapin","kab_dikoreksi":true,"cx":114.7615,"cy":-3.0303,"ndmi_arsip":-0.082,"lst_arsip":35.1,"peat_pct":34},"geometry":{"type":"Polygon","coordinates":[[[114.7819,-2.9999],[114.7824,-2.9983],[114.7837,-2.9975],[114.7885,-2.9967],[114.793,-2.9973],[114.824,-3.011],[114.8275,-3.015],[114.8312,-3.1301],[114.8147,-3.12],[114.7954,-3.11],[114.7689,-3.09],[114.763,-3.0845],[114.7526,-3.0622],[114.7433,-3.056],[114.7387,-3.0509],[114.7375,-3.0504],[114.7259,-3.0554],[114.7248,-3.051],[114.722,-3.0485],[114.7223,-3.0449],[114.7212,-3.0412],[114.7142,-3.0325],[114.7054,-3.0134],[114.7108,-2.9751],[114.7259,-2.9757],[114.7256,-2.988],[114.7439,-2.9998],[114.7615,-2.9967],[114.7705,-3.004],[114.7741,-3.0098],[114.7755,-3.0102],[114.7776,-3.0086],[114.7804,-3.0043],[114.7819,-2.9999]]]}},{"type":"Feature","properties":{"nama_kec":"Kelumpang Hulu","kab_id":"kotabaru","kab_name":"Kab. Kotabaru","kab_label_asli":"Kab. Kotabaru","kab_dikoreksi":false,"cx":116.0996,"cy":-2.9835,"ndmi_arsip":-0.202,"lst_arsip":34.1,"peat_pct":19},"geometry":{"type":"Polygon","coordinates":[[[116.0964,-2.9854],[116.0995,-2.982],[116.1015,-2.9817],[116.1024,-2.9824],[116.1015,-2.984],[116.0964,-2.9854]]]}},{"type":"Feature","properties":{"nama_kec":"Kelumpang Hulu","kab_id":"kotabaru","kab_name":"Kab. Kotabaru","kab_label_asli":"Kab. Kotabaru","kab_dikoreksi":false,"cx":116.1009,"cy":-2.988,"ndmi_arsip":-0.202,"lst_arsip":34.1,"peat_pct":19},"geometry":{"type":"Polygon","coordinates":[[[116.0983,-2.9896],[116.0978,-2.9887],[116.1008,-2.9864],[116.1059,-2.9858],[116.1041,-2.9876],[116.0983,-2.9896]]]}},{"type":"Feature","properties":{"nama_kec":"Kelumpang Selatan","kab_id":"kotabaru","kab_name":"Kab. Kotabaru","kab_label_asli":"Kab. Kotabaru","kab_dikoreksi":false,"cx":116.1246,"cy":-3.0024,"ndmi_arsip":-0.216,"lst_arsip":33.6,"peat_pct":12},"geometry":{"type":"Polygon","coordinates":[[[116.1239,-2.9914],[116.1264,-2.9923],[116.1282,-2.9941],[116.1313,-2.994],[116.1321,-2.9948],[116.1323,-2.9975],[116.1281,-3.0022],[116.1281,-3.0042],[116.1269,-3.0047],[116.1283,-3.0048],[116.1304,-3.0006],[116.1334,-3.0],[116.1351,-3.0015],[116.1355,-3.0037],[116.1373,-3.0061],[116.1391,-3.0072],[116.1431,-3.0079],[116.1436,-3.0097],[116.1428,-3.0114],[116.1401,-3.0121],[116.1338,-3.0086],[116.1334,-3.0077],[116.1311,-3.0089],[116.1304,-3.008],[116.1256,-3.0112],[116.1229,-3.0116],[116.118,-3.0075],[116.1104,-3.0071],[116.1099,-3.0039],[116.1119,-3.0012],[116.1137,-2.9964],[116.1193,-2.9926],[116.1239,-2.9914]]]}},{"type":"Feature","properties":{"nama_kec":"Kelumpang Selatan","kab_id":"kotabaru","kab_name":"Kab. Kotabaru","kab_label_asli":"Kab. Kotabaru","kab_dikoreksi":false,"cx":116.1053,"cy":-3.0005,"ndmi_arsip":-0.216,"lst_arsip":33.6,"peat_pct":12},"geometry":{"type":"Polygon","coordinates":[[[116.1112,-2.9964],[116.1119,-3.0003],[116.1089,-3.0034],[116.1095,-3.0074],[116.108,-3.0087],[116.1039,-3.0072],[116.1013,-3.0029],[116.1004,-2.9993],[116.094,-2.9982],[116.0952,-2.9971],[116.1035,-2.9943],[116.1098,-2.9949],[116.1112,-2.9964]]]}},{"type":"Feature","properties":{"nama_kec":"Kelumpang Hulu","kab_id":"kotabaru","kab_name":"Kab. Kotabaru","kab_label_asli":"Kab. Kotabaru","kab_dikoreksi":false,"cx":116.0665,"cy":-2.999,"ndmi_arsip":-0.202,"lst_arsip":34.1,"peat_pct":19},"geometry":{"type":"Polygon","coordinates":[[[116.0645,-2.9998],[116.0679,-2.997],[116.0718,-2.9966],[116.064,-3.0017],[116.0645,-2.9998]]]}},{"type":"Feature","properties":{"nama_kec":"Kelumpang Selatan","kab_id":"kotabaru","kab_name":"Kab. Kotabaru","kab_label_asli":"Kab. Kotabaru","kab_dikoreksi":false,"cx":116.1068,"cy":-3.116,"ndmi_arsip":-0.216,"lst_arsip":33.6,"peat_pct":12},"geometry":{"type":"Polygon","coordinates":[[[116.0624,-3.0433],[116.0629,-3.0414],[116.0611,-3.0408],[116.0622,-3.0364],[116.0591,-3.0356],[116.0587,-3.0345],[116.0614,-3.0325],[116.0617,-3.0331],[116.0602,-3.0344],[116.0609,-3.0353],[116.0625,-3.034],[116.0623,-3.032],[116.0632,-3.0301],[116.0647,-3.0292],[116.0656,-3.0292],[116.0651,-3.031],[116.0674,-3.0318],[116.067,-3.0331],[116.0678,-3.0324],[116.0679,-3.0313],[116.0657,-3.0308],[116.0661,-3.0293],[116.0639,-3.0283],[116.0647,-3.0254],[116.0672,-3.023],[116.0691,-3.0229],[116.0728,-3.0213],[116.0779,-3.0167],[116.0796,-3.0122],[116.0834,-3.0067],[116.0848,-3.0075],[116.0853,-3.0091],[116.0823,-3.0142],[116.0812,-3.0178],[116.0731,-3.0261],[116.0732,-3.029],[116.0773,-3.0282],[116.0776,-3.0294],[116.0746,-3.0323],[116.0718,-3.0319],[116.0722,-3.0353],[116.0708,-3.0359],[116.0709,-3.0366],[116.0726,-3.0358],[116.0722,-3.0323],[116.0748,-3.0332],[116.0777,-3.031],[116.0793,-3.0318],[116.0794,-3.0326],[116.08,-3.0322],[116.0814,-3.0329],[116.0818,-3.032],[116.0812,-3.0325],[116.0789,-3.0315],[116.0782,-3.0277],[116.0745,-3.0264],[116.0809,-3.0198],[116.0832,-3.0218],[116.0809,-3.0211],[116.0793,-3.0223],[116.08,-3.0266],[116.083,-3.0274],[116.0848,-3.0266],[116.0855,-3.0295],[116.085,-3.0262],[116.0829,-3.0268],[116.0803,-3.0262],[116.0798,-3.0224],[116.081,-3.0216],[116.0827,-3.0228],[116.0839,-3.0224],[116.0822,-3.0187],[116.084,-3.0153],[116.089,-3.0156],[116.088,-3.0182],[116.0885,-3.0177],[116.0889,-3.0148],[116.0832,-3.0146],[116.0861,-3.0107],[116.0871,-3.0036],[116.0938,-2.9993],[116.0976,-2.9992],[116.0994,-3.0],[116.1001,-3.0007],[116.1004,-3.0046],[116.1026,-3.0074],[116.1001,-3.0097],[116.1011,-3.0129],[116.0983,-3.0142],[116.098,-3.0166],[116.0958,-3.0192],[116.0965,-3.022],[116.0955,-3.0221],[116.0943,-3.0205],[116.0949,-3.0222],[116.0966,-3.0222],[116.0987,-3.0249],[116.0992,-3.0259],[116.0985,-3.0266],[116.0998,-3.0261],[116.0962,-3.0199],[116.099,-3.0168],[116.0991,-3.0142],[116.1014,-3.0141],[116.1018,-3.0133],[116.1009,-3.0103],[116.1018,-3.0089],[116.107,-3.0097],[116.1064,-3.0113],[116.1068,-3.0132],[116.1072,-3.0108],[116.1096,-3.0087],[116.1102,-3.0097],[116.111,-3.009],[116.1183,-3.0098],[116.1199,-3.0115],[116.1203,-3.0139],[116.1213,-3.0148],[116.1206,-3.016],[116.1182,-3.0151],[116.1165,-3.0161],[116.1165,-3.0168],[116.1176,-3.0165],[116.1178,-3.0187],[116.1178,-3.0156],[116.1201,-3.0168],[116.1219,-3.0163],[116.1214,-3.0177],[116.1221,-3.0182],[116.1228,-3.017],[116.122,-3.0137],[116.1259,-3.0137],[116.1264,-3.0146],[116.1269,-3.013],[116.1298,-3.0117],[116.1309,-3.0121],[116.1328,-3.0115],[116.1321,-3.014],[116.1327,-3.0177],[116.1347,-3.0188],[116.1352,-3.0176],[116.137,-3.0175],[116.1377,-3.02],[116.1379,-3.0184],[116.1365,-3.0168],[116.1336,-3.0178],[116.133,-3.0174],[116.1334,-3.0113],[116.1408,-3.0145],[116.1429,-3.0145],[116.1451,-3.0126],[116.1563,-3.0146],[116.158,-3.0155],[116.1578,-3.0178],[116.1529,-3.0286],[116.1539,-3.0339],[116.1547,-3.0335],[116.1564,-3.0345],[116.1564,-3.0373],[116.1582,-3.039],[116.1576,-3.0419],[116.1517,-3.042],[116.1513,-3.0378],[116.1475,-3.0356],[116.145,-3.0389],[116.1453,-3.04],[116.1467,-3.0404],[116.1471,-3.0417],[116.1455,-3.0438],[116.1429,-3.0439],[116.1426,-3.0406],[116.1409,-3.0385],[116.1383,-3.0393],[116.1377,-3.0415],[116.1363,-3.0417],[116.1369,-3.0425],[116.1384,-3.0419],[116.1394,-3.0392],[116.1415,-3.0398],[116.1423,-3.0445],[116.1467,-3.0438],[116.1478,-3.0411],[116.1458,-3.0395],[116.147,-3.0369],[116.148,-3.0363],[116.1507,-3.0385],[116.151,-3.0426],[116.1577,-3.0427],[116.1592,-3.04],[116.157,-3.0366],[116.1585,-3.0355],[116.1638,-3.0393],[116.1689,-3.0503],[116.1674,-3.0523],[116.164,-3.0537],[116.1614,-3.057],[116.1642,-3.0541],[116.169,-3.0521],[116.1702,-3.0591],[116.1726,-3.0619],[116.1757,-3.0631],[116.1753,-3.0655],[116.177,-3.0667],[116.18,-3.0726],[116.1833,-3.0734],[116.1827,-3.0755],[116.1815,-3.0759],[116.1799,-3.075],[116.1772,-3.0775],[116.1751,-3.0771],[116.178,-3.0782],[116.1797,-3.0754],[116.1826,-3.0784],[116.185,-3.0783],[116.1865,-3.0791],[116.1856,-3.0781],[116.1822,-3.0774],[116.1841,-3.0748],[116.1839,-3.0731],[116.1804,-3.0721],[116.1773,-3.0659],[116.1761,-3.0648],[116.1764,-3.0629],[116.1878,-3.0651],[116.1887,-3.0683],[116.1975,-3.0757],[116.1996,-3.0756],[116.2051,-3.0776],[116.2104,-3.0771],[116.2132,-3.0784],[116.2154,-3.0809],[116.2159,-3.0868],[116.2169,-3.0904],[116.2181,-3.0917],[116.2162,-3.0973],[116.2096,-3.1001],[116.2074,-3.0984],[116.207,-3.0958],[116.2044,-3.0936],[116.2013,-3.0958],[116.2013,-3.0999],[116.1995,-3.097],[116.1984,-3.0966],[116.1977,-3.0972],[116.1981,-3.0979],[116.1986,-3.097],[116.1996,-3.0979],[116.2008,-3.1003],[116.2023,-3.0997],[116.2021,-3.0963],[116.2048,-3.0943],[116.2067,-3.0958],[116.207,-3.0988],[116.209,-3.1006],[116.2142,-3.0994],[116.2162,-3.1008],[116.2196,-3.0991],[116.2209,-3.0994],[116.2222,-3.1034],[116.2204,-3.1047],[116.2225,-3.1032],[116.2209,-3.0983],[116.2165,-3.0998],[116.2152,-3.0995],[116.2173,-3.0972],[116.2195,-3.0909],[116.2265,-3.0921],[116.2339,-3.0945],[116.2362,-3.094],[116.237,-3.0961],[116.2416,-3.0998],[116.2417,-3.1006],[116.2442,-3.1011],[116.2518,-3.1058],[116.2626,-3.1091],[116.2654,-3.111],[116.2689,-3.1094],[116.2691,-3.1109],[116.2702,-3.1114],[116.2701,-3.1137],[116.2717,-3.115],[116.2736,-3.1213],[116.2748,-3.123],[116.2757,-3.1279],[116.275,-3.1306],[116.2718,-3.1303],[116.2683,-3.1287],[116.2649,-3.1246],[116.264,-3.126],[116.2617,-3.1268],[116.2596,-3.1258],[116.2579,-3.1266],[116.2544,-3.1261],[116.2541,-3.1249],[116.2531,-3.1254],[116.2511,-3.1228],[116.2496,-3.1232],[116.2483,-3.1257],[116.2474,-3.1243],[116.2465,-3.1256],[116.2442,-3.125],[116.2424,-3.126],[116.2394,-3.1258],[116.2392,-3.1274],[116.2382,-3.1277],[116.2357,-3.1265],[116.2302,-3.1266],[116.2253,-3.1248],[116.2201,-3.1268],[116.2179,-3.1263],[116.2079,-3.128],[116.1968,-3.1402],[116.1954,-3.141],[116.1938,-3.1406],[116.1944,-3.1416],[116.1936,-3.1433],[116.1874,-3.1483],[116.1874,-3.1532],[116.1805,-3.1608],[116.1756,-3.1596],[116.17,-3.1556],[116.1621,-3.1531],[116.1593,-3.1529],[116.1456,-3.1453],[116.1422,-3.1444],[116.1376,-3.1405],[116.1328,-3.1384],[116.1322,-3.1375],[116.1261,-3.1397],[116.1219,-3.1401],[116.1191,-3.1397],[116.1172,-3.1385],[116.1125,-3.1388],[116.1084,-3.1417],[116.1071,-3.1412],[116.1067,-3.1378],[116.1117,-3.1303],[116.1164,-3.1253],[116.1163,-3.1225],[116.1171,-3.1213],[116.1156,-3.121],[116.1144,-3.1186],[116.1169,-3.1166],[116.1176,-3.1134],[116.1156,-3.117],[116.1136,-3.117],[116.1119,-3.1146],[116.1128,-3.1103],[116.1155,-3.1065],[116.1165,-3.1038],[116.1142,-3.1066],[116.1139,-3.1005],[116.1147,-3.0985],[116.113,-3.0966],[116.1112,-3.0969],[116.1095,-3.0935],[116.1104,-3.0972],[116.1079,-3.0994],[116.1059,-3.0985],[116.108,-3.0998],[116.1113,-3.0972],[116.1136,-3.0979],[116.1132,-3.1068],[116.111,-3.1079],[116.1105,-3.1109],[116.1115,-3.1079],[116.1129,-3.1077],[116.1105,-3.1152],[116.1153,-3.1233],[116.114,-3.1266],[116.1124,-3.1267],[116.1112,-3.1281],[116.11,-3.1278],[116.1087,-3.1262],[116.1058,-3.1258],[116.1051,-3.125],[116.1055,-3.1236],[116.1076,-3.1203],[116.1066,-3.1188],[116.107,-3.12],[116.1048,-3.1231],[116.1046,-3.1256],[116.1009,-3.1265],[116.0979,-3.1243],[116.0931,-3.1237],[116.0918,-3.1171],[116.0911,-3.116],[116.0905,-3.1164],[116.0919,-3.1181],[116.0926,-3.1234],[116.0938,-3.1244],[116.1022,-3.1276],[116.1069,-3.1265],[116.1094,-3.1272],[116.1097,-3.1282],[116.1091,-3.1306],[116.1048,-3.1341],[116.0983,-3.1446],[116.0959,-3.1461],[116.0924,-3.1461],[116.0891,-3.1438],[116.0806,-3.135],[116.0756,-3.1349],[116.0725,-3.1373],[116.0701,-3.1377],[116.0701,-3.1365],[116.0751,-3.1321],[116.0748,-3.1293],[116.0712,-3.1243],[116.0693,-3.1237],[116.0628,-3.124],[116.0606,-3.1227],[116.0585,-3.1199],[116.056,-3.1187],[116.0538,-3.1213],[116.0521,-3.1214],[116.048,-3.1244],[116.0485,-3.1204],[116.0476,-3.1197],[116.0454,-3.1204],[116.0444,-3.1194],[116.0428,-3.1142],[116.0411,-3.1173],[116.0399,-3.1176],[116.0396,-3.1153],[116.0381,-3.1132],[116.0397,-3.1178],[116.0412,-3.1181],[116.0428,-3.1148],[116.0428,-3.1171],[116.0452,-3.121],[116.0478,-3.1205],[116.0473,-3.1252],[116.05,-3.1242],[116.0519,-3.122],[116.0548,-3.1213],[116.057,-3.1195],[116.0629,-3.125],[116.0715,-3.1248],[116.0739,-3.1297],[116.0738,-3.1321],[116.0692,-3.1344],[116.069,-3.1382],[116.0679,-3.1403],[116.0668,-3.1405],[116.0616,-3.1342],[116.0587,-3.1348],[116.0622,-3.135],[116.0629,-3.137],[116.0645,-3.1379],[116.0665,-3.1411],[116.0678,-3.1413],[116.0679,-3.1442],[116.0687,-3.1433],[116.0684,-3.1413],[116.0702,-3.1393],[116.0797,-3.1359],[116.0834,-3.1406],[116.0902,-3.1472],[116.0876,-3.1489],[116.0856,-3.1467],[116.0819,-3.1449],[116.0795,-3.1466],[116.0786,-3.1433],[116.077,-3.1428],[116.0738,-3.1457],[116.0718,-3.1454],[116.0703,-3.1491],[116.0686,-3.1496],[116.0686,-3.1515],[116.0678,-3.152],[116.0629,-3.1516],[116.062,-3.149],[116.0635,-3.1472],[116.0623,-3.1458],[116.0627,-3.1474],[116.0609,-3.1492],[116.0614,-3.1504],[116.0592,-3.156],[116.0596,-3.1576],[116.0575,-3.1594],[116.0551,-3.1593],[116.0516,-3.1575],[116.0511,-3.1559],[116.0522,-3.1528],[116.052,-3.15],[116.0467,-3.1493],[116.0459,-3.1479],[116.0457,-3.1496],[116.0506,-3.15],[116.0518,-3.1514],[116.0505,-3.156],[116.0519,-3.1589],[116.0566,-3.1603],[116.0588,-3.1599],[116.0629,-3.1538],[116.0645,-3.1529],[116.0697,-3.1562],[116.0725,-3.1632],[116.0705,-3.1657],[116.0672,-3.1677],[116.0663,-3.17],[116.0679,-3.1677],[116.0703,-3.1667],[116.0722,-3.1642],[116.0739,-3.1634],[116.0748,-3.1641],[116.0741,-3.1654],[116.0764,-3.1677],[116.068,-3.185],[116.0681,-3.19],[116.0734,-3.1959],[116.0727,-3.2028],[116.0705,-3.2052],[116.0675,-3.2066],[116.0656,-3.2051],[116.0629,-3.2005],[116.0606,-3.1998],[116.0587,-3.2003],[116.0529,-3.2046],[116.0499,-3.2039],[116.0459,-3.2024],[116.0448,-3.1998],[116.0423,-3.2007],[116.0423,-3.1979],[116.0412,-3.1971],[116.0394,-3.2001],[116.0354,-3.198],[116.0376,-3.1974],[116.0357,-3.1951],[116.0324,-3.1954],[116.0337,-3.197],[116.0333,-3.1975],[116.0301,-3.1966],[116.0303,-3.195],[116.029,-3.1924],[116.0261,-3.1914],[116.0285,-3.193],[116.0299,-3.195],[116.0293,-3.1965],[116.0301,-3.1972],[116.0341,-3.1977],[116.0344,-3.197],[116.0328,-3.1958],[116.0352,-3.1955],[116.0371,-3.1973],[116.0348,-3.1981],[116.04,-3.2006],[116.0414,-3.1977],[116.042,-3.201],[116.0448,-3.2005],[116.0446,-3.2019],[116.0455,-3.2029],[116.0517,-3.2054],[116.0534,-3.2051],[116.0605,-3.2005],[116.0626,-3.2017],[116.0648,-3.2067],[116.066,-3.2077],[116.07,-3.2069],[116.0736,-3.2039],[116.0746,-3.1969],[116.0693,-3.1896],[116.0691,-3.1856],[116.0723,-3.1793],[116.0753,-3.1774],[116.0757,-3.1795],[116.074,-3.1808],[116.0751,-3.1818],[116.0748,-3.1806],[116.0765,-3.1788],[116.0758,-3.177],[116.0734,-3.1784],[116.0725,-3.1779],[116.0806,-3.1715],[116.0822,-3.174],[116.0842,-3.1741],[116.0835,-3.1716],[116.084,-3.1708],[116.0831,-3.1715],[116.0838,-3.1738],[116.082,-3.173],[116.0816,-3.1685],[116.0843,-3.1645],[116.0864,-3.1644],[116.0851,-3.1635],[116.0853,-3.1625],[116.0893,-3.159],[116.091,-3.1587],[116.0933,-3.1558],[116.0961,-3.1576],[116.0937,-3.1611],[116.0939,-3.1624],[116.0951,-3.1627],[116.0942,-3.1609],[116.0964,-3.1577],[116.096,-3.1559],[116.0939,-3.1552],[116.0925,-3.1557],[116.09,-3.1585],[116.0891,-3.158],[116.0912,-3.1549],[116.0987,-3.1499],[116.106,-3.1472],[116.112,-3.147],[116.1204,-3.1487],[116.1223,-3.1525],[116.1225,-3.1551],[116.1251,-3.1566],[116.1248,-3.161],[116.1218,-3.1611],[116.1226,-3.1645],[116.1235,-3.167],[116.1256,-3.1674],[116.1262,-3.1684],[116.1265,-3.1673],[116.1238,-3.1666],[116.1221,-3.1619],[116.1224,-3.1611],[116.1253,-3.1612],[116.1257,-3.1567],[116.1227,-3.1543],[116.1222,-3.1508],[116.121,-3.1492],[116.1214,-3.1484],[116.1275,-3.1504],[116.1311,-3.1507],[116.1315,-3.153],[116.13,-3.1575],[116.132,-3.1599],[116.1315,-3.1629],[116.1323,-3.1631],[116.1343,-3.1614],[116.1378,-3.1646],[116.1377,-3.1654],[116.1361,-3.1646],[116.1335,-3.1653],[116.1344,-3.1675],[116.1343,-3.1654],[116.1358,-3.1648],[116.1376,-3.1658],[116.1386,-3.1644],[116.1368,-3.1619],[116.1347,-3.1607],[116.132,-3.1627],[116.1328,-3.1596],[116.1307,-3.1576],[116.1323,-3.1531],[116.1319,-3.1506],[116.1389,-3.1523],[116.1445,-3.1548],[116.1514,-3.1596],[116.1604,-3.1618],[116.168,-3.1656],[116.1676,-3.1738],[116.1684,-3.1805],[116.1786,-3.2055],[116.18,-3.2117],[116.179,-3.2167],[116.1808,-3.2183],[116.1806,-3.2206],[116.1833,-3.2278],[116.1813,-3.2397],[116.1776,-3.2457],[116.1768,-3.2513],[116.1703,-3.2524],[116.1668,-3.2514],[116.1654,-3.2499],[116.1644,-3.2457],[116.1608,-3.2432],[116.1608,-3.244],[116.1642,-3.2459],[116.1653,-3.2511],[116.1664,-3.2522],[116.1494,-3.2594],[116.1488,-3.2635],[116.1462,-3.2656],[116.1282,-3.2713],[116.116,-3.274],[116.1032,-3.2791],[116.1001,-3.2811],[116.0929,-3.2827],[116.0895,-3.2801],[116.0889,-3.2829],[116.0842,-3.2773],[116.0848,-3.2649],[116.0845,-3.2619],[116.0828,-3.2576],[116.0779,-3.259],[116.0747,-3.2626],[116.0711,-3.2648],[116.0692,-3.2648],[116.0677,-3.2638],[116.0647,-3.2586],[116.0615,-3.2566],[116.0606,-3.2581],[116.0611,-3.2601],[116.0603,-3.261],[116.052,-3.2603],[116.0411,-3.2616],[116.0391,-3.257],[116.0336,-3.2517],[116.0213,-3.2444],[116.0192,-3.2438],[116.0116,-3.2466],[116.0084,-3.2469],[115.9924,-3.2462],[115.9898,-3.2362],[115.9853,-3.2321],[115.9805,-3.2239],[115.9776,-3.2245],[115.9732,-3.2236],[115.9691,-3.2197],[115.965,-3.2211],[115.9607,-3.2206],[115.96,-3.214],[115.9586,-3.21],[115.9571,-3.2085],[115.9574,-3.2062],[115.9585,-3.2049],[115.9591,-3.2002],[115.958,-3.1973],[115.9595,-3.1927],[115.958,-3.1907],[115.9584,-3.1884],[115.9595,-3.1855],[115.9617,-3.1866],[115.9641,-3.1844],[115.963,-3.179],[115.9645,-3.1695],[115.9631,-3.1654],[115.9644,-3.1627],[115.9636,-3.1575],[115.9652,-3.1508],[115.965,-3.1458],[115.9691,-3.1456],[115.9707,-3.1447],[115.9782,-3.1351],[115.9827,-3.1277],[115.9799,-3.1171],[115.9766,-3.1121],[115.9767,-3.1089],[116.0167,-3.0813],[116.0296,-3.0646],[116.0318,-3.0635],[116.0321,-3.0613],[116.0337,-3.0592],[116.0372,-3.0564],[116.0377,-3.0536],[116.0423,-3.0481],[116.0416,-3.0454],[116.0433,-3.046],[116.0456,-3.0441],[116.0466,-3.0463],[116.0463,-3.0434],[116.0474,-3.0388],[116.0512,-3.0344],[116.054,-3.0333],[116.0567,-3.034],[116.0566,-3.0386],[116.0553,-3.0404],[116.0571,-3.039],[116.0572,-3.0364],[116.0584,-3.0362],[116.0599,-3.0397],[116.0594,-3.0406],[116.0622,-3.0415],[116.0624,-3.0433]]]}},{"type":"Feature","properties":{"nama_kec":"Batulicin","kab_id":"tanbu","kab_name":"Kab. Tanah Bumbu","kab_label_asli":"Kab. Kotabaru","kab_dikoreksi":true,"cx":115.7741,"cy":-3.1992,"ndmi_arsip":-0.174,"lst_arsip":35.0,"peat_pct":13},"geometry":{"type":"Polygon","coordinates":[[[115.4638,-3.079],[115.4661,-3.077],[115.4738,-3.0743],[115.4755,-3.0721],[115.4758,-3.0698],[115.4726,-3.0527],[115.473,-3.0455],[115.4743,-3.0404],[115.4759,-3.0374],[115.4805,-3.0343],[115.4796,-3.0276],[115.4814,-3.0159],[115.4834,-3.0135],[115.4894,-3.0098],[115.494,-3.0049],[115.4982,-3.0082],[115.5004,-3.0146],[115.5006,-3.02],[115.5027,-3.0241],[115.5102,-3.0287],[115.515,-3.0299],[115.5165,-3.0326],[115.5195,-3.0331],[115.5214,-3.0356],[115.5234,-3.0359],[115.524,-3.0379],[115.5283,-3.0386],[115.5297,-3.0416],[115.5334,-3.041],[115.5422,-3.0461],[115.5475,-3.047],[115.5574,-3.0469],[115.5596,-3.0477],[115.5625,-3.0633],[115.5638,-3.0656],[115.5677,-3.0686],[115.5725,-3.0685],[115.576,-3.0654],[115.5854,-3.0652],[115.5889,-3.0643],[115.593,-3.0618],[115.5988,-3.0619],[115.6013,-3.0609],[115.6037,-3.0615],[115.6094,-3.0667],[115.6123,-3.0667],[115.6159,-3.0688],[115.6172,-3.0673],[115.6242,-3.0686],[115.6296,-3.0657],[115.6286,-3.0632],[115.6316,-3.0621],[115.6332,-3.0602],[115.6368,-3.0597],[115.6372,-3.0578],[115.6384,-3.0572],[115.6386,-3.0601],[115.6412,-3.0613],[115.6438,-3.0641],[115.6465,-3.0649],[115.6488,-3.0637],[115.6497,-3.0656],[115.6498,-3.0716],[115.6516,-3.0715],[115.6616,-3.0661],[115.6679,-3.0728],[115.6714,-3.0752],[115.6717,-3.0764],[115.6759,-3.0781],[115.6784,-3.0859],[115.6821,-3.0841],[115.6827,-3.0823],[115.681,-3.0767],[115.6818,-3.0724],[115.6832,-3.0717],[115.6843,-3.0717],[115.6864,-3.0748],[115.6871,-3.0784],[115.6961,-3.0787],[115.7033,-3.0816],[115.7048,-3.0857],[115.7063,-3.087],[115.7099,-3.0877],[115.7097,-3.0885],[115.7057,-3.0877],[115.7054,-3.0883],[115.7057,-3.0944],[115.7073,-3.0966],[115.7104,-3.0966],[115.7136,-3.0945],[115.7151,-3.0958],[115.7087,-3.1036],[115.7089,-3.1063],[115.7097,-3.1075],[115.7126,-3.1084],[115.7156,-3.107],[115.7155,-3.1083],[115.7127,-3.1121],[115.7098,-3.1137],[115.7099,-3.1147],[115.7155,-3.1165],[115.7192,-3.1155],[115.7212,-3.1181],[115.7215,-3.1207],[115.7228,-3.1205],[115.7242,-3.1183],[115.7272,-3.1195],[115.7301,-3.119],[115.7337,-3.1277],[115.7344,-3.1362],[115.7334,-3.1404],[115.7353,-3.1443],[115.735,-3.1457],[115.7382,-3.1457],[115.7401,-3.1471],[115.7391,-3.1488],[115.7428,-3.1581],[115.7441,-3.1572],[115.748,-3.1589],[115.7519,-3.1634],[115.7521,-3.1671],[115.7539,-3.1724],[115.753,-3.1748],[115.7539,-3.1772],[115.7533,-3.1784],[115.7552,-3.1797],[115.7584,-3.1798],[115.7589,-3.1826],[115.7626,-3.1818],[115.7623,-3.1857],[115.7631,-3.1915],[115.7667,-3.1908],[115.7676,-3.1934],[115.7728,-3.1933],[115.7755,-3.191],[115.7796,-3.1904],[115.7925,-3.1818],[115.7998,-3.1833],[115.8083,-3.1813],[115.8129,-3.1853],[115.8289,-3.1864],[115.8304,-3.1857],[115.8313,-3.1821],[115.8358,-3.1749],[115.8366,-3.1722],[115.8389,-3.1716],[115.8406,-3.1701],[115.8488,-3.1705],[115.852,-3.1688],[115.8558,-3.1702],[115.8586,-3.1678],[115.8628,-3.1667],[115.8695,-3.1669],[115.8712,-3.1658],[115.9345,-3.1528],[115.9412,-3.1542],[115.9437,-3.1564],[115.9474,-3.1548],[115.9489,-3.1579],[115.954,-3.1606],[115.9559,-3.1597],[115.9573,-3.1577],[115.9615,-3.1566],[115.9635,-3.1574],[115.9644,-3.1615],[115.9631,-3.1654],[115.9645,-3.1695],[115.963,-3.179],[115.9641,-3.1844],[115.9617,-3.1866],[115.9595,-3.1855],[115.9584,-3.1884],[115.958,-3.1907],[115.9595,-3.1927],[115.958,-3.1973],[115.9591,-3.2002],[115.9585,-3.2049],[115.9574,-3.2062],[115.9571,-3.2085],[115.9586,-3.21],[115.96,-3.214],[115.9607,-3.2206],[115.965,-3.2211],[115.9691,-3.2197],[115.9732,-3.2236],[115.9776,-3.2245],[115.9805,-3.2239],[115.9853,-3.2321],[115.9898,-3.2362],[115.9924,-3.2462],[116.0084,-3.2469],[116.0116,-3.2466],[116.0192,-3.2438],[116.0213,-3.2444],[116.0336,-3.2517],[116.0391,-3.257],[116.0411,-3.2616],[116.052,-3.2603],[116.0603,-3.261],[116.0611,-3.2601],[116.0606,-3.2581],[116.0615,-3.2566],[116.0647,-3.2586],[116.0677,-3.2638],[116.0692,-3.2648],[116.0711,-3.2648],[116.0747,-3.2626],[116.0779,-3.259],[116.0828,-3.2576],[116.0845,-3.2619],[116.0848,-3.2649],[116.0842,-3.2773],[116.0889,-3.2829],[116.0853,-3.2855],[116.0804,-3.2954],[116.0766,-3.2971],[116.0751,-3.2994],[116.0719,-3.3101],[116.065,-3.3179],[116.0634,-3.3179],[116.0641,-3.3211],[116.0617,-3.3331],[116.0603,-3.3351],[116.0567,-3.3366],[116.0507,-3.3504],[116.0452,-3.3553],[116.0387,-3.3569],[116.034,-3.3607],[116.0307,-3.3654],[116.0313,-3.3756],[116.027,-3.3881],[116.023,-3.3946],[116.0226,-3.3966],[116.0236,-3.4106],[116.0129,-3.4196],[116.0114,-3.4248],[116.0073,-3.4337],[116.0084,-3.4417],[116.0072,-3.4445],[116.008,-3.447],[116.0074,-3.4487],[116.0138,-3.4729],[116.0133,-3.4752],[116.0152,-3.478],[116.0151,-3.4839],[116.0073,-3.4923],[115.9983,-3.5066],[115.9976,-3.5069],[115.9959,-3.5056],[115.9976,-3.5081],[115.9944,-3.5156],[115.9926,-3.5221],[115.9814,-3.5199],[115.9766,-3.5169],[115.9676,-3.5084],[115.9642,-3.5077],[115.9427,-3.5056],[115.9163,-3.5088],[115.9118,-3.5039],[115.9071,-3.5032],[115.9007,-3.5003],[115.8946,-3.4944],[115.8857,-3.4839],[115.8755,-3.466],[115.8724,-3.4631],[115.8502,-3.4539],[115.842,-3.4491],[115.8278,-3.438],[115.8167,-3.4279],[115.8132,-3.424],[115.8106,-3.4191],[115.8092,-3.4146],[115.805,-3.3596],[115.8016,-3.349],[115.7932,-3.3409],[115.7881,-3.3376],[115.7795,-3.3339],[115.7694,-3.3312],[115.7307,-3.3266],[115.6913,-3.3191],[115.649,-3.3045],[115.6381,-3.2964],[115.6302,-3.2936],[115.6208,-3.2923],[115.6126,-3.2846],[115.5909,-3.2785],[115.5766,-3.2715],[115.5665,-3.264],[115.559,-3.2556],[115.5517,-3.2432],[115.5395,-3.2299],[115.5382,-3.2276],[115.5304,-3.2202],[115.526,-3.2173],[115.5099,-3.2094],[115.4922,-3.2078],[115.4911,-3.2053],[115.4911,-3.2009],[115.493,-3.1863],[115.4932,-3.174],[115.4923,-3.1699],[115.4899,-3.1652],[115.4895,-3.1618],[115.4907,-3.1562],[115.4901,-3.1511],[115.4947,-3.1398],[115.496,-3.1318],[115.4935,-3.1236],[115.4915,-3.1203],[115.4875,-3.1171],[115.4854,-3.1143],[115.4787,-3.1107],[115.4766,-3.1039],[115.4727,-3.0995],[115.4698,-3.0896],[115.4638,-3.079]]]}},{"type":"Feature","properties":{"nama_kec":"Simpang Empat","kab_id":"banjar","kab_name":"Kab. Banjar","kab_label_asli":"Kab. Tapin","kab_dikoreksi":true,"cx":114.9266,"cy":-3.225,"ndmi_arsip":-0.028,"lst_arsip":36.9,"peat_pct":21},"geometry":{"type":"Polygon","coordinates":[[[114.8275,-3.0154],[114.8318,-3.018],[114.8378,-3.018],[114.8484,-3.023],[114.8509,-3.0258],[114.9627,-3.0971],[114.9695,-3.1035],[114.9783,-3.1073],[114.9987,-3.1199],[115.0471,-3.1574],[115.0879,-3.183],[115.0971,-3.1875],[115.0917,-3.1975],[115.0867,-3.21],[115.0803,-3.2297],[115.0764,-3.248],[115.0758,-3.2555],[115.0785,-3.2859],[115.0778,-3.297],[115.0765,-3.2973],[115.076,-3.3007],[115.0722,-3.3058],[115.0607,-3.3332],[115.0357,-3.3428],[115.0336,-3.3422],[115.0153,-3.3307],[115.0057,-3.3286],[115.0027,-3.3271],[115.0004,-3.3205],[115.0004,-3.3183],[115.0078,-3.307],[115.0091,-3.3001],[115.018,-3.2957],[115.0207,-3.2937],[115.0236,-3.2896],[115.0264,-3.274],[115.0261,-3.2711],[115.0232,-3.2661],[115.0246,-3.2599],[115.0236,-3.2572],[115.0219,-3.2572],[115.0141,-3.2542],[115.013,-3.2485],[115.01,-3.2479],[115.0095,-3.2449],[115.0115,-3.2415],[115.0111,-3.2401],[115.0078,-3.2359],[115.0075,-3.2343],[115.0012,-3.2323],[114.9677,-3.2488],[114.887,-3.2498],[114.7636,-3.2759],[114.7636,-3.2688],[114.7645,-3.2665],[114.7619,-3.2596],[114.7611,-3.25],[114.7628,-3.2437],[114.7634,-3.2325],[114.7668,-3.2277],[114.769,-3.2269],[114.774,-3.2287],[114.7757,-3.2302],[114.7796,-3.2297],[114.7822,-3.2253],[114.7894,-3.2206],[114.7895,-3.2182],[114.7864,-3.2149],[114.7884,-3.2089],[114.7883,-3.204],[114.7892,-3.2018],[114.7935,-3.2016],[114.7954,-3.2083],[114.7985,-3.2107],[114.8002,-3.2101],[114.8058,-3.2047],[114.8124,-3.2002],[114.8135,-3.1998],[114.818,-3.2008],[114.8226,-3.1993],[114.8217,-3.189],[114.8314,-3.1287],[114.8275,-3.0154]]]}},{"type":"Feature","properties":{"nama_kec":"Simpang Empat Tapin","kab_id":"banjar","kab_name":"Kab. Banjar","kab_label_asli":"Kab. Banjar","kab_dikoreksi":false,"cx":115.2457,"cy":-3.0883,"ndmi_arsip":0.036,"lst_arsip":38.7,"peat_pct":28},"geometry":{"type":"Polygon","coordinates":[[[115.2197,-3.0385],[115.238,-3.0496],[115.2469,-3.0442],[115.2666,-3.0198],[115.2664,-3.0317],[115.2642,-3.0429],[115.2646,-3.045],[115.2689,-3.0469],[115.278,-3.0486],[115.2877,-3.0604],[115.2882,-3.0751],[115.2897,-3.0864],[115.2889,-3.0891],[115.2812,-3.0936],[115.2778,-3.0996],[115.2736,-3.1035],[115.273,-3.1098],[115.2711,-3.1129],[115.2677,-3.1152],[115.2569,-3.119],[115.2534,-3.1195],[115.2452,-3.1245],[115.2414,-3.1277],[115.2403,-3.1298],[115.2417,-3.1349],[115.2402,-3.1353],[115.2341,-3.1352],[115.2275,-3.1337],[115.2176,-3.1274],[115.1975,-3.1238],[115.1799,-3.1191],[115.169,-3.1154],[115.1882,-3.0944],[115.2029,-3.0754],[115.2083,-3.0588],[115.2159,-3.0437],[115.2197,-3.0385]]]}},{"type":"Feature","properties":{"nama_kec":"Kelumpang Selatan","kab_id":"kotabaru","kab_name":"Kab. Kotabaru","kab_label_asli":"Kab. Kotabaru","kab_dikoreksi":false,"cx":116.1767,"cy":-3.048,"ndmi_arsip":-0.216,"lst_arsip":33.6,"peat_pct":12},"geometry":{"type":"Polygon","coordinates":[[[116.1751,-3.0596],[116.1739,-3.0596],[116.1723,-3.0572],[116.1708,-3.0504],[116.167,-3.0409],[116.1718,-3.0392],[116.1728,-3.0363],[116.1738,-3.0358],[116.1803,-3.0365],[116.1847,-3.0394],[116.1867,-3.0424],[116.1844,-3.047],[116.1817,-3.0503],[116.1796,-3.0553],[116.1766,-3.059],[116.1751,-3.0596]]]}},{"type":"Feature","properties":{"nama_kec":"Kelumpang Selatan","kab_id":"kotabaru","kab_name":"Kab. Kotabaru","kab_label_asli":"Kab. Kotabaru","kab_dikoreksi":false,"cx":116.0605,"cy":-3.0381,"ndmi_arsip":-0.216,"lst_arsip":33.6,"peat_pct":12},"geometry":{"type":"Polygon","coordinates":[[[116.0606,-3.0394],[116.0597,-3.0382],[116.0599,-3.0368],[116.0615,-3.0366],[116.0606,-3.0394]]]}},{"type":"Feature","properties":{"nama_kec":"Rantau Badauh","kab_id":"baritokuala","kab_name":"Kab. Barito Kuala","kab_label_asli":"Kab. Barito Kuala","kab_dikoreksi":false,"cx":114.7027,"cy":-3.0936,"ndmi_arsip":-0.27,"lst_arsip":34.2,"peat_pct":75},"geometry":{"type":"Polygon","coordinates":[[[114.6572,-3.0946],[114.668,-3.1],[114.6858,-3.0689],[114.6882,-3.0613],[114.6881,-3.0597],[114.6857,-3.0554],[114.6781,-3.0495],[114.6773,-3.0481],[114.6843,-3.0437],[114.6888,-3.0428],[114.6912,-3.0436],[114.7035,-3.0544],[114.7079,-3.0568],[114.7167,-3.0574],[114.7248,-3.0557],[114.738,-3.0505],[114.7433,-3.056],[114.7526,-3.0622],[114.7637,-3.0853],[114.7717,-3.0922],[114.7952,-3.1097],[114.785,-3.1174],[114.75,-3.1482],[114.7282,-3.1659],[114.7257,-3.1658],[114.7079,-3.1559],[114.7003,-3.1706],[114.6987,-3.1708],[114.6442,-3.142],[114.6497,-3.1305],[114.6493,-3.1291],[114.6424,-3.1223],[114.642,-3.1209],[114.6572,-3.0946]]]}},{"type":"Feature","properties":{"nama_kec":"Anjir Pasar","kab_id":"baritokuala","kab_name":"Kab. Barito Kuala","kab_label_asli":"Kab. Barito Kuala","kab_dikoreksi":false,"cx":114.5149,"cy":-3.1397,"ndmi_arsip":-0.166,"lst_arsip":37.7,"peat_pct":67},"geometry":{"type":"Polygon","coordinates":[[[114.4876,-3.1165],[114.5399,-3.0753],[114.5458,-3.0678],[114.5737,-3.0985],[114.5767,-3.1005],[114.5822,-3.1062],[114.5849,-3.1074],[114.584,-3.1133],[114.5817,-3.1193],[114.5779,-3.122],[114.5725,-3.1305],[114.5684,-3.1278],[114.5627,-3.1263],[114.5549,-3.1264],[114.55,-3.1276],[114.522,-3.157],[114.4814,-3.192],[114.4712,-3.2027],[114.4574,-3.2122],[114.4504,-3.2108],[114.4396,-3.1948],[114.4282,-3.1755],[114.4314,-3.1724],[114.4454,-3.1621],[114.4493,-3.1577],[114.4538,-3.15],[114.4563,-3.143],[114.4876,-3.1165]]]}},{"type":"Feature","properties":{"nama_kec":"Binuang","kab_id":"tapin","kab_name":"Kab. Tapin","kab_label_asli":"Kab. Tapin","kab_dikoreksi":false,"cx":115.1523,"cy":-3.1501,"ndmi_arsip":-0.004,"lst_arsip":37.7,"peat_pct":33},"geometry":{"type":"Polygon","coordinates":[[[114.9695,-3.1034],[114.9731,-3.0953],[114.9793,-3.0757],[115.1011,-3.0759],[115.1143,-3.0872],[115.1285,-3.096],[115.1391,-3.1021],[115.1607,-3.1126],[115.1859,-3.1209],[115.208,-3.126],[115.2176,-3.1274],[115.2275,-3.1337],[115.2341,-3.1352],[115.2417,-3.1349],[115.2414,-3.1422],[115.239,-3.1505],[115.2385,-3.1579],[115.2397,-3.1623],[115.2378,-3.1656],[115.2288,-3.1734],[115.224,-3.1826],[115.2217,-3.1844],[115.2145,-3.1871],[115.2105,-3.1905],[115.2066,-3.1957],[115.2052,-3.2003],[115.2033,-3.2029],[115.2038,-3.2127],[115.1966,-3.2094],[115.1674,-3.2068],[115.1315,-3.1989],[115.1126,-3.1933],[115.1025,-3.1897],[115.0879,-3.183],[115.0471,-3.1574],[114.9987,-3.1199],[114.9783,-3.1073],[114.9695,-3.1034]]]}},{"type":"Feature","properties":{"nama_kec":"Kusan Hulu","kab_id":"tanbu","kab_name":"Kab. Tanah Bumbu","kab_label_asli":"Kab. Tanah Bumbu","kab_dikoreksi":false,"cx":115.5096,"cy":-3.3336,"ndmi_arsip":-0.284,"lst_arsip":37.4,"peat_pct":38},"geometry":{"type":"Polygon","coordinates":[[[115.3954,-3.3774],[115.3958,-3.3756],[115.3989,-3.372],[115.3986,-3.3671],[115.3962,-3.3631],[115.3962,-3.3617],[115.4023,-3.3471],[115.4023,-3.342],[115.4044,-3.339],[115.4169,-3.336],[115.4191,-3.328],[115.419,-3.3258],[115.4163,-3.3213],[115.4158,-3.3155],[115.4186,-3.3093],[115.4267,-3.2995],[115.4279,-3.2967],[115.4276,-3.2936],[115.4222,-3.283],[115.4193,-3.2794],[115.417,-3.2789],[115.3899,-3.265],[115.3786,-3.2599],[115.3647,-3.2558],[115.3557,-3.2544],[115.342,-3.2544],[115.3406,-3.2537],[115.3402,-3.251],[115.3478,-3.2463],[115.3512,-3.2434],[115.3586,-3.2423],[115.3604,-3.24],[115.3607,-3.2372],[115.362,-3.237],[115.3639,-3.2386],[115.368,-3.2397],[115.3715,-3.2391],[115.3726,-3.2369],[115.3726,-3.2327],[115.3759,-3.2318],[115.3773,-3.2298],[115.3784,-3.2265],[115.3788,-3.2201],[115.3749,-3.2121],[115.3763,-3.2074],[115.3764,-3.2045],[115.3746,-3.1969],[115.3784,-3.1883],[115.3827,-3.1734],[115.3921,-3.1628],[115.3929,-3.1598],[115.3901,-3.1524],[115.3951,-3.1451],[115.3957,-3.1429],[115.3948,-3.1401],[115.3953,-3.1384],[115.401,-3.1344],[115.4018,-3.1329],[115.4005,-3.1277],[115.4083,-3.1228],[115.4131,-3.1138],[115.4204,-3.1088],[115.4249,-3.1035],[115.4311,-3.1015],[115.4378,-3.0976],[115.4533,-3.0949],[115.4558,-3.0939],[115.4574,-3.0914],[115.4597,-3.0822],[115.4638,-3.079],[115.4698,-3.0896],[115.4727,-3.0995],[115.4766,-3.1039],[115.4787,-3.1107],[115.4854,-3.1143],[115.4875,-3.1171],[115.4915,-3.1203],[115.4935,-3.1236],[115.496,-3.1318],[115.4947,-3.1398],[115.4901,-3.1511],[115.4907,-3.1562],[115.4895,-3.1618],[115.4899,-3.1652],[115.4923,-3.1699],[115.4932,-3.174],[115.493,-3.1863],[115.4911,-3.2009],[115.4911,-3.2053],[115.4922,-3.2078],[115.5099,-3.2094],[115.526,-3.2173],[115.5304,-3.2202],[115.5382,-3.2276],[115.5395,-3.2299],[115.5517,-3.2432],[115.559,-3.2556],[115.5665,-3.264],[115.5766,-3.2715],[115.5909,-3.2785],[115.6126,-3.2846],[115.6208,-3.2923],[115.6302,-3.2936],[115.6381,-3.2964],[115.649,-3.3045],[115.6913,-3.3191],[115.7307,-3.3266],[115.7694,-3.3312],[115.7795,-3.3339],[115.7881,-3.3376],[115.7932,-3.3409],[115.8016,-3.349],[115.805,-3.3596],[115.8092,-3.4146],[115.8106,-3.4191],[115.8132,-3.424],[115.8196,-3.4305],[115.8226,-3.4449],[115.8266,-3.4567],[115.8438,-3.4791],[115.8467,-3.4847],[115.8496,-3.4926],[115.8546,-3.518],[115.855,-3.5212],[115.8543,-3.5244],[115.8511,-3.5308],[115.8479,-3.5354],[115.84,-3.544],[115.8308,-3.5656],[115.8293,-3.5671],[115.827,-3.5665],[115.7918,-3.5465],[115.7695,-3.5573],[115.7503,-3.5556],[115.7412,-3.5585],[115.7311,-3.5581],[115.7271,-3.5591],[115.704,-3.5596],[115.6709,-3.5581],[115.6548,-3.5585],[115.637,-3.5575],[115.6274,-3.558],[115.6085,-3.5562],[115.5979,-3.5577],[115.5888,-3.5578],[115.5599,-3.5566],[115.5423,-3.5566],[115.5259,-3.558],[115.4753,-3.5566],[115.4756,-3.5459],[115.4734,-3.5365],[115.4765,-3.5323],[115.476,-3.5268],[115.4787,-3.5251],[115.4804,-3.5209],[115.4869,-3.518],[115.481,-3.5099],[115.4778,-3.5038],[115.472,-3.4995],[115.4468,-3.492],[115.4335,-3.4919],[115.4268,-3.4978],[115.4226,-3.5044],[115.4158,-3.5183],[115.4118,-3.5221],[115.4061,-3.5246],[115.4022,-3.5249],[115.3995,-3.5234],[115.3967,-3.519],[115.3878,-3.491],[115.3803,-3.4772],[115.399,-3.4633],[115.402,-3.4581],[115.41,-3.4527],[115.4103,-3.4501],[115.4063,-3.4473],[115.4024,-3.4455],[115.3933,-3.443],[115.3903,-3.4358],[115.3926,-3.4183],[115.3939,-3.4168],[115.3952,-3.4126],[115.3981,-3.3924],[115.3985,-3.3818],[115.3954,-3.3774]]]}},{"type":"Feature","properties":{"nama_kec":"Mandastana","kab_id":"baritokuala","kab_name":"Kab. Barito Kuala","kab_label_asli":"Kab. Tapin","kab_dikoreksi":true,"cx":114.7257,"cy":-3.2057,"ndmi_arsip":-0.152,"lst_arsip":32.8,"peat_pct":19},"geometry":{"type":"Polygon","coordinates":[[[114.7952,-3.1097],[114.8147,-3.12],[114.8312,-3.1301],[114.8217,-3.189],[114.8226,-3.1993],[114.818,-3.2008],[114.8135,-3.1998],[114.8124,-3.2002],[114.8058,-3.2047],[114.8002,-3.2101],[114.7985,-3.2107],[114.7954,-3.2083],[114.7935,-3.2016],[114.7892,-3.2018],[114.7883,-3.204],[114.7884,-3.2089],[114.7864,-3.2149],[114.7895,-3.2182],[114.7895,-3.2203],[114.7822,-3.2253],[114.7796,-3.2297],[114.7757,-3.2302],[114.774,-3.2287],[114.7682,-3.2269],[114.7668,-3.2277],[114.7634,-3.2325],[114.7534,-3.2347],[114.7044,-3.2536],[114.6879,-3.2577],[114.6395,-3.2748],[114.6354,-3.2728],[114.6366,-3.2704],[114.6421,-3.2669],[114.6429,-3.2635],[114.6406,-3.2565],[114.6359,-3.2534],[114.6344,-3.247],[114.6262,-3.241],[114.6262,-3.24],[114.6317,-3.2298],[114.6315,-3.2288],[114.6207,-3.223],[114.6201,-3.2217],[114.6356,-3.1894],[114.6353,-3.188],[114.6234,-3.1823],[114.6315,-3.1653],[114.6327,-3.166],[114.6442,-3.142],[114.6987,-3.1708],[114.7003,-3.1706],[114.7079,-3.1559],[114.7257,-3.1658],[114.728,-3.166],[114.75,-3.1482],[114.785,-3.1174],[114.7952,-3.1097]]]}},{"type":"Feature","properties":{"nama_kec":"Anjir Muara","kab_id":"baritokuala","kab_name":"Kab. Barito Kuala","kab_label_asli":"Kab. Barito Kuala","kab_dikoreksi":false,"cx":114.5492,"cy":-3.177,"ndmi_arsip":-0.266,"lst_arsip":34.3,"peat_pct":77},"geometry":{"type":"Polygon","coordinates":[[[114.5725,-3.1305],[114.5753,-3.1329],[114.5889,-3.1375],[114.5874,-3.1408],[114.5801,-3.1504],[114.5717,-3.1658],[114.5693,-3.1748],[114.5694,-3.194],[114.5684,-3.1987],[114.5642,-3.2091],[114.5575,-3.2185],[114.5493,-3.2247],[114.5413,-3.2333],[114.5416,-3.2376],[114.547,-3.2467],[114.5044,-3.2268],[114.4574,-3.2122],[114.4712,-3.2027],[114.4814,-3.192],[114.522,-3.157],[114.55,-3.1276],[114.5549,-3.1264],[114.5627,-3.1263],[114.5684,-3.1278],[114.5725,-3.1305]]]}},{"type":"Feature","properties":{"nama_kec":"Kelumpang Selatan","kab_id":"kotabaru","kab_name":"Kab. Kotabaru","kab_label_asli":"Kab. Kotabaru","kab_dikoreksi":false,"cx":116.0777,"cy":-3.1521,"ndmi_arsip":-0.216,"lst_arsip":33.6,"peat_pct":12},"geometry":{"type":"Polygon","coordinates":[[[116.0795,-3.1627],[116.0775,-3.1622],[116.0764,-3.1597],[116.0759,-3.1603],[116.0749,-3.1597],[116.069,-3.1535],[116.0692,-3.15],[116.072,-3.1502],[116.0721,-3.1489],[116.0716,-3.15],[116.0708,-3.1495],[116.0721,-3.1461],[116.0746,-3.1458],[116.0769,-3.1433],[116.0782,-3.1439],[116.0783,-3.1459],[116.0793,-3.1471],[116.0799,-3.1474],[116.0817,-3.1456],[116.0851,-3.1467],[116.0858,-3.1479],[116.0856,-3.1513],[116.0833,-3.1546],[116.0823,-3.1548],[116.0833,-3.156],[116.0827,-3.1599],[116.0795,-3.1627]]]}},{"type":"Feature","properties":{"nama_kec":"Alalak","kab_id":"baritokuala","kab_name":"Kab. Barito Kuala","kab_label_asli":"Kota Banjarmasin","kab_dikoreksi":true,"cx":114.5938,"cy":-3.2429,"ndmi_arsip":-0.23,"lst_arsip":38.7,"peat_pct":60},"geometry":{"type":"Polygon","coordinates":[[[114.5766,-3.1574],[114.5789,-3.1576],[114.5818,-3.1595],[114.5831,-3.1619],[114.5857,-3.1638],[114.6353,-3.188],[114.6356,-3.1894],[114.6201,-3.2217],[114.6207,-3.223],[114.6315,-3.2288],[114.6317,-3.2298],[114.6262,-3.24],[114.6262,-3.241],[114.6344,-3.247],[114.6362,-3.2539],[114.6406,-3.2565],[114.6429,-3.2651],[114.6412,-3.2678],[114.6359,-3.2711],[114.6332,-3.2773],[114.6275,-3.2789],[114.6262,-3.28],[114.6237,-3.2852],[114.6239,-3.2874],[114.6172,-3.282],[114.6104,-3.2802],[114.6051,-3.2812],[114.6055,-3.2854],[114.6046,-3.2878],[114.6011,-3.2894],[114.5967,-3.2875],[114.5952,-3.2816],[114.5921,-3.279],[114.5884,-3.2774],[114.5827,-3.2735],[114.58,-3.2763],[114.5771,-3.277],[114.5752,-3.2701],[114.5686,-3.2679],[114.5662,-3.2708],[114.5658,-3.2824],[114.5608,-3.289],[114.561,-3.2897],[114.5596,-3.2882],[114.5551,-3.2653],[114.5518,-3.2544],[114.5432,-3.2406],[114.541,-3.2351],[114.5423,-3.2318],[114.5493,-3.2247],[114.5575,-3.2185],[114.5642,-3.2091],[114.5684,-3.1987],[114.5694,-3.194],[114.5693,-3.1748],[114.5701,-3.1709],[114.5717,-3.1658],[114.5766,-3.1574]]]}},{"type":"Feature","properties":{"nama_kec":"Pengaron","kab_id":"banjar","kab_name":"Kab. Banjar","kab_label_asli":"Kab. Tapin","kab_dikoreksi":true,"cx":115.1945,"cy":-3.2922,"ndmi_arsip":-0.146,"lst_arsip":33.0,"peat_pct":22},"geometry":{"type":"Polygon","coordinates":[[[115.0971,-3.1875],[115.1126,-3.1933],[115.1315,-3.1989],[115.1674,-3.2068],[115.1966,-3.2094],[115.2093,-3.2154],[115.2138,-3.221],[115.2351,-3.236],[115.2381,-3.2362],[115.2408,-3.2401],[115.2394,-3.2428],[115.2399,-3.2447],[115.2364,-3.2449],[115.2354,-3.2475],[115.2382,-3.2493],[115.2384,-3.2548],[115.24,-3.2563],[115.238,-3.2602],[115.2391,-3.2614],[115.2369,-3.2657],[115.2341,-3.2667],[115.2313,-3.2722],[115.2313,-3.274],[115.233,-3.2757],[115.2319,-3.2759],[115.2294,-3.2744],[115.229,-3.277],[115.2257,-3.2777],[115.2247,-3.281],[115.2256,-3.281],[115.2262,-3.2789],[115.227,-3.284],[115.2255,-3.2882],[115.2266,-3.2885],[115.2278,-3.2868],[115.2299,-3.2879],[115.2313,-3.2872],[115.2329,-3.2892],[115.2299,-3.2898],[115.2315,-3.2907],[115.2317,-3.2925],[115.2324,-3.2929],[115.235,-3.2918],[115.2368,-3.2929],[115.2382,-3.2964],[115.2409,-3.2953],[115.2427,-3.2963],[115.2436,-3.2973],[115.2434,-3.2994],[115.2444,-3.3021],[115.2437,-3.3023],[115.2425,-3.3008],[115.2399,-3.3026],[115.2389,-3.3014],[115.2359,-3.301],[115.2312,-3.3046],[115.2293,-3.3084],[115.2236,-3.3097],[115.2203,-3.313],[115.2077,-3.3193],[115.2072,-3.3213],[115.21,-3.3243],[115.2101,-3.326],[115.209,-3.3308],[115.2074,-3.3317],[115.2062,-3.3337],[115.2061,-3.3379],[115.2035,-3.3453],[115.2042,-3.3465],[115.204,-3.3484],[115.2013,-3.3539],[115.1975,-3.3567],[115.1976,-3.3593],[115.1958,-3.364],[115.1924,-3.3669],[115.1838,-3.3569],[115.1738,-3.3598],[115.1635,-3.37],[115.1377,-3.3873],[115.1315,-3.3956],[115.114,-3.3937],[115.0962,-3.4048],[115.09,-3.3951],[115.0732,-3.3758],[115.0607,-3.3332],[115.0722,-3.3058],[115.076,-3.3007],[115.0765,-3.2973],[115.0778,-3.297],[115.0785,-3.2859],[115.0758,-3.2555],[115.0764,-3.248],[115.0803,-3.2297],[115.0867,-3.21],[115.0917,-3.1975],[115.0971,-3.1875]]]}},{"type":"Feature","properties":{"nama_kec":"Pulau Laut Utara","kab_id":"kotabaru","kab_name":"Kab. Kotabaru","kab_label_asli":"Kab. Kotabaru","kab_dikoreksi":false,"cx":116.1359,"cy":-3.3672,"ndmi_arsip":-0.136,"lst_arsip":36.3,"peat_pct":12},"geometry":{"type":"Polygon","coordinates":[[[116.1843,-3.2688],[116.195,-3.2584],[116.2025,-3.2544],[116.2093,-3.2482],[116.2118,-3.2475],[116.2133,-3.245],[116.2199,-3.2412],[116.221,-3.2414],[116.2206,-3.2388],[116.2245,-3.2365],[116.225,-3.2348],[116.2267,-3.236],[116.2276,-3.2351],[116.2362,-3.2234],[116.2375,-3.2236],[116.243,-3.2185],[116.2467,-3.2172],[116.2503,-3.213],[116.253,-3.2119],[116.2557,-3.2096],[116.2587,-3.2092],[116.2592,-3.2119],[116.2641,-3.2149],[116.2666,-3.2197],[116.268,-3.2207],[116.2733,-3.2204],[116.2796,-3.2139],[116.2814,-3.214],[116.2801,-3.2172],[116.2803,-3.2212],[116.2757,-3.231],[116.2747,-3.2356],[116.2722,-3.2399],[116.2699,-3.251],[116.273,-3.2596],[116.2751,-3.2626],[116.2752,-3.2646],[116.2718,-3.2686],[116.2716,-3.2707],[116.2717,-3.2733],[116.2729,-3.2753],[116.2726,-3.2769],[116.2737,-3.2773],[116.2741,-3.2786],[116.273,-3.2812],[116.2736,-3.2824],[116.2699,-3.2852],[116.2673,-3.2894],[116.2675,-3.2935],[116.2691,-3.2967],[116.2684,-3.2994],[116.2659,-3.2988],[116.2639,-3.2998],[116.257,-3.3009],[116.2548,-3.3005],[116.2522,-3.2989],[116.2476,-3.2979],[116.2462,-3.2964],[116.2454,-3.2938],[116.2436,-3.2922],[116.2407,-3.2933],[116.2384,-3.3013],[116.2358,-3.305],[116.2242,-3.3103],[116.2217,-3.3125],[116.1916,-3.3916],[116.159,-3.4998],[116.1391,-3.6818],[116.0423,-3.6547],[116.009,-3.647],[116.0085,-3.6458],[116.0119,-3.6435],[116.011,-3.6409],[116.0091,-3.6413],[116.0055,-3.6394],[116.0035,-3.6404],[116.0025,-3.6388],[116.0053,-3.6345],[116.0047,-3.6326],[116.0076,-3.6296],[116.0098,-3.6293],[116.0106,-3.6284],[116.0092,-3.6202],[116.0101,-3.613],[116.0124,-3.6119],[116.0151,-3.6091],[116.0189,-3.6022],[116.0288,-3.5957],[116.0313,-3.5889],[116.0338,-3.5879],[116.0348,-3.5863],[116.0353,-3.5838],[116.0368,-3.5823],[116.0363,-3.5815],[116.0411,-3.564],[116.0401,-3.5598],[116.0368,-3.5582],[116.039,-3.5553],[116.0402,-3.5553],[116.0431,-3.5533],[116.0451,-3.5493],[116.0462,-3.5436],[116.0474,-3.533],[116.0445,-3.5262],[116.0402,-3.5196],[116.0407,-3.5144],[116.0425,-3.5085],[116.0418,-3.5066],[116.0423,-3.5049],[116.0411,-3.5049],[116.0418,-3.4895],[116.0394,-3.4813],[116.0462,-3.4689],[116.0608,-3.4543],[116.063,-3.4492],[116.0699,-3.4392],[116.0709,-3.4296],[116.0766,-3.4185],[116.0826,-3.4188],[116.0847,-3.4181],[116.085,-3.4164],[116.0826,-3.4154],[116.0829,-3.4124],[116.0816,-3.41],[116.0828,-3.4084],[116.0855,-3.4077],[116.0882,-3.4097],[116.0912,-3.4099],[116.092,-3.4118],[116.0916,-3.4132],[116.0886,-3.4138],[116.0892,-3.4156],[116.0859,-3.4198],[116.0844,-3.4244],[116.0887,-3.4271],[116.0906,-3.4268],[116.0917,-3.4284],[116.0929,-3.4275],[116.0934,-3.425],[116.0965,-3.4272],[116.0951,-3.4271],[116.0948,-3.4284],[116.0974,-3.4275],[116.0936,-3.4248],[116.0919,-3.4279],[116.091,-3.4265],[116.0891,-3.4268],[116.0851,-3.4241],[116.0865,-3.4199],[116.0898,-3.4158],[116.0889,-3.4142],[116.0921,-3.4133],[116.0925,-3.4112],[116.0916,-3.4098],[116.0889,-3.4098],[116.0865,-3.4076],[116.0844,-3.4075],[116.0811,-3.4097],[116.0824,-3.4128],[116.0823,-3.4157],[116.0841,-3.4162],[116.0843,-3.4177],[116.079,-3.4177],[116.0777,-3.4158],[116.0798,-3.4069],[116.0831,-3.4028],[116.0888,-3.3924],[116.0899,-3.3917],[116.0939,-3.3777],[116.1001,-3.3655],[116.1037,-3.3547],[116.1057,-3.3548],[116.1101,-3.3611],[116.115,-3.3626],[116.1193,-3.3661],[116.1191,-3.3722],[116.1149,-3.3713],[116.1135,-3.3721],[116.113,-3.3735],[116.1146,-3.3757],[116.1145,-3.3779],[116.1106,-3.3803],[116.1104,-3.3812],[116.1117,-3.3821],[116.1137,-3.3819],[116.1126,-3.3846],[116.1136,-3.3893],[116.1155,-3.3888],[116.1157,-3.3857],[116.1195,-3.3863],[116.123,-3.3897],[116.1234,-3.3925],[116.1224,-3.3932],[116.1215,-3.3919],[116.12,-3.3928],[116.1198,-3.3939],[116.1217,-3.3924],[116.1223,-3.3938],[116.1237,-3.3932],[116.1234,-3.3892],[116.1222,-3.389],[116.1205,-3.3862],[116.1161,-3.3853],[116.115,-3.3886],[116.1138,-3.3889],[116.1132,-3.3846],[116.1146,-3.3819],[116.1112,-3.3812],[116.1159,-3.378],[116.1141,-3.3732],[116.1145,-3.3723],[116.118,-3.3734],[116.1199,-3.3721],[116.1204,-3.3665],[116.1162,-3.3623],[116.1109,-3.3605],[116.1077,-3.3549],[116.1058,-3.3531],[116.1005,-3.3519],[116.0984,-3.3506],[116.1002,-3.3444],[116.1039,-3.3428],[116.1139,-3.3469],[116.1195,-3.3462],[116.1237,-3.3479],[116.1277,-3.3481],[116.1294,-3.3521],[116.1305,-3.3525],[116.1269,-3.3434],[116.1274,-3.3415],[116.1303,-3.343],[116.132,-3.3421],[116.1317,-3.3402],[116.1299,-3.3383],[116.1306,-3.3355],[116.129,-3.3343],[116.1275,-3.3344],[116.1273,-3.3356],[116.128,-3.3347],[116.1299,-3.3353],[116.1303,-3.3364],[116.1294,-3.3383],[116.1315,-3.3413],[116.1304,-3.3422],[116.1281,-3.3411],[116.1269,-3.3418],[116.1262,-3.3433],[116.1274,-3.3471],[116.1237,-3.3472],[116.1201,-3.3455],[116.1121,-3.3455],[116.1058,-3.3408],[116.106,-3.3367],[116.1079,-3.3303],[116.1097,-3.3265],[116.1108,-3.3208],[116.1138,-3.3141],[116.1148,-3.3071],[116.1189,-3.3014],[116.1242,-3.298],[116.1261,-3.2979],[116.1337,-3.3001],[116.1402,-3.3029],[116.1416,-3.2973],[116.1425,-3.2967],[116.1445,-3.3002],[116.1461,-3.3007],[116.1426,-3.2949],[116.1464,-3.292],[116.1543,-3.2881],[116.1559,-3.288],[116.1594,-3.2903],[116.1604,-3.2918],[116.16,-3.2933],[116.1614,-3.2937],[116.1623,-3.2951],[116.162,-3.2986],[116.1629,-3.2972],[116.1629,-3.295],[116.1615,-3.2931],[116.1604,-3.2929],[116.1609,-3.2912],[116.1573,-3.2879],[116.157,-3.2869],[116.1591,-3.2848],[116.1639,-3.2822],[116.1652,-3.2824],[116.1658,-3.284],[116.1631,-3.2835],[116.1624,-3.2851],[116.1632,-3.2857],[116.1655,-3.2851],[116.1672,-3.2866],[116.1662,-3.2892],[116.1638,-3.2902],[116.1644,-3.291],[116.1667,-3.2908],[116.1661,-3.2921],[116.1666,-3.2939],[116.1671,-3.2903],[116.1644,-3.2902],[116.1668,-3.2892],[116.1666,-3.2882],[116.1679,-3.2866],[116.1659,-3.285],[116.1668,-3.2835],[116.166,-3.2822],[116.1662,-3.2807],[116.1677,-3.2794],[116.1683,-3.2813],[116.1693,-3.2819],[116.1702,-3.2797],[116.1716,-3.2795],[116.173,-3.2813],[116.1725,-3.2823],[116.1714,-3.2819],[116.1726,-3.2827],[116.1735,-3.2811],[116.1719,-3.279],[116.1699,-3.2794],[116.1694,-3.2813],[116.1686,-3.2812],[116.1698,-3.278],[116.1843,-3.2688]]]}},{"type":"Feature","properties":{"nama_kec":"Mekarsari","kab_id":"baritokuala","kab_name":"Kab. Barito Kuala","kab_label_asli":"Kab. Barito Kuala","kab_dikoreksi":false,"cx":114.4472,"cy":-3.28,"ndmi_arsip":-0.092,"lst_arsip":40.1,"peat_pct":64},"geometry":{"type":"Polygon","coordinates":[[[114.4504,-3.2108],[114.4574,-3.2122],[114.4886,-3.2215],[114.508,-3.2285],[114.5062,-3.2433],[114.5104,-3.2471],[114.5136,-3.2488],[114.5195,-3.2628],[114.53,-3.2669],[114.5279,-3.2998],[114.5155,-3.3034],[114.5149,-3.3044],[114.5156,-3.3109],[114.5145,-3.3117],[114.5,-3.3086],[114.4727,-3.3012],[114.4594,-3.283],[114.4582,-3.2835],[114.454,-3.2888],[114.4374,-3.3022],[114.4407,-3.307],[114.4099,-3.3262],[114.3876,-3.3368],[114.3505,-3.3687],[114.3462,-3.3524],[114.3465,-3.3511],[114.3685,-3.326],[114.3716,-3.3204],[114.3716,-3.3076],[114.3798,-3.3004],[114.3835,-3.2675],[114.4026,-3.2523],[114.4096,-3.2548],[114.421,-3.2478],[114.4281,-3.2325],[114.4351,-3.2216],[114.4358,-3.2172],[114.4504,-3.2108]]]}},{"type":"Feature","properties":{"nama_kec":"Tamban","kab_id":"baritokuala","kab_name":"Kab. Barito Kuala","kab_label_asli":"Kab. Barito Kuala","kab_dikoreksi":false,"cx":114.4915,"cy":-3.319,"ndmi_arsip":-0.104,"lst_arsip":39.7,"peat_pct":78},"geometry":{"type":"Polygon","coordinates":[[[114.508,-3.2285],[114.547,-3.2467],[114.5518,-3.2544],[114.5551,-3.2653],[114.5592,-3.2869],[114.561,-3.2897],[114.5601,-3.2955],[114.5569,-3.3052],[114.5557,-3.3149],[114.556,-3.3173],[114.5583,-3.3198],[114.5573,-3.3219],[114.5493,-3.3351],[114.5235,-3.361],[114.5108,-3.3792],[114.507,-3.3864],[114.5039,-3.385],[114.501,-3.3814],[114.4953,-3.3784],[114.4904,-3.3737],[114.4769,-3.3643],[114.4754,-3.3647],[114.4673,-3.3596],[114.4457,-3.3784],[114.4322,-3.3835],[114.4165,-3.3871],[114.3928,-3.3873],[114.3586,-3.3863],[114.3556,-3.3775],[114.3505,-3.3687],[114.3876,-3.3368],[114.4099,-3.3262],[114.4407,-3.307],[114.4374,-3.3022],[114.454,-3.2888],[114.4582,-3.2835],[114.4594,-3.283],[114.4727,-3.3012],[114.5,-3.3086],[114.5145,-3.3117],[114.5156,-3.3109],[114.5149,-3.3044],[114.5155,-3.3034],[114.5279,-3.2998],[114.53,-3.2669],[114.5195,-3.2628],[114.5136,-3.2488],[114.5104,-3.2471],[114.5062,-3.2433],[114.508,-3.2285]]]}},{"type":"Feature","properties":{"nama_kec":"Astambul","kab_id":"banjar","kab_name":"Kab. Banjar","kab_label_asli":"Kab. Banjar","kab_dikoreksi":false,"cx":115.0051,"cy":-3.3383,"ndmi_arsip":0.018,"lst_arsip":38.1,"peat_pct":39},"geometry":{"type":"Polygon","coordinates":[[[114.8504,-3.258],[114.887,-3.2498],[114.9677,-3.2488],[115.0012,-3.2323],[115.0075,-3.2343],[115.0078,-3.2359],[115.0116,-3.241],[115.0095,-3.2449],[115.01,-3.2479],[115.013,-3.2485],[115.0141,-3.2542],[115.0219,-3.2572],[115.0236,-3.2572],[115.0239,-3.2579],[115.0246,-3.2599],[115.0232,-3.2661],[115.0261,-3.2711],[115.0264,-3.274],[115.0236,-3.2896],[115.0207,-3.2937],[115.018,-3.2957],[115.0091,-3.3001],[115.0078,-3.307],[115.0004,-3.3183],[115.0004,-3.3205],[115.0027,-3.3271],[115.0057,-3.3286],[115.0153,-3.3307],[115.0336,-3.3422],[115.0357,-3.3428],[115.0607,-3.3332],[115.0732,-3.3758],[115.09,-3.3951],[115.0962,-3.4048],[115.114,-3.3937],[115.1315,-3.3956],[115.121,-3.4059],[115.1169,-3.4088],[115.1149,-3.4125],[115.106,-3.418],[115.1079,-3.4217],[115.1062,-3.4239],[115.0969,-3.4276],[115.0957,-3.4317],[115.0916,-3.4333],[115.0883,-3.4313],[115.0786,-3.4343],[115.072,-3.4417],[115.0541,-3.4304],[115.0012,-3.4085],[114.9868,-3.3943],[114.945,-3.3902],[114.9254,-3.3937],[114.9084,-3.3986],[114.8997,-3.4123],[114.8967,-3.4147],[114.8891,-3.3821],[114.8572,-3.3711],[114.852,-3.3676],[114.8449,-3.3532],[114.8437,-3.3438],[114.8402,-3.3373],[114.8496,-3.2681],[114.8504,-3.258]]]}},{"type":"Feature","properties":{"nama_kec":"Sungai Tabuk","kab_id":"banjar","kab_name":"Kab. Banjar","kab_label_asli":"Kota Banjarmasin","kab_dikoreksi":true,"cx":114.7009,"cy":-3.2991,"ndmi_arsip":-0.324,"lst_arsip":35.5,"peat_pct":53},"geometry":{"type":"Polygon","coordinates":[[[114.6354,-3.2728],[114.6395,-3.2748],[114.6879,-3.2577],[114.7044,-3.2536],[114.7534,-3.2347],[114.7634,-3.2325],[114.7628,-3.2437],[114.7611,-3.25],[114.7619,-3.2596],[114.7645,-3.2665],[114.7636,-3.2688],[114.7636,-3.2759],[114.762,-3.2851],[114.7637,-3.2901],[114.7632,-3.2926],[114.7659,-3.2989],[114.7665,-3.3035],[114.7623,-3.3071],[114.7651,-3.311],[114.7586,-3.3145],[114.7499,-3.3157],[114.7455,-3.3226],[114.74,-3.3241],[114.7384,-3.3351],[114.722,-3.3755],[114.7183,-3.3731],[114.704,-3.3684],[114.6887,-3.365],[114.6533,-3.3354],[114.6476,-3.3356],[114.6427,-3.3329],[114.6331,-3.3353],[114.6282,-3.3204],[114.6219,-3.318],[114.6197,-3.313],[114.6219,-3.3054],[114.6214,-3.3039],[114.627,-3.2953],[114.6237,-3.2852],[114.6262,-3.28],[114.6275,-3.2789],[114.6326,-3.2778],[114.6354,-3.2728]]]}},{"type":"Feature","properties":{"nama_kec":"Martapura","kab_id":"banjar","kab_name":"Kab. Banjar","kab_label_asli":"Kota Banjarmasin","kab_dikoreksi":true,"cx":114.8065,"cy":-3.3621,"ndmi_arsip":-0.218,"lst_arsip":39.1,"peat_pct":66},"geometry":{"type":"Polygon","coordinates":[[[114.7636,-3.2759],[114.8504,-3.258],[114.8496,-3.2681],[114.8402,-3.3373],[114.8437,-3.3438],[114.8449,-3.3532],[114.852,-3.3676],[114.8572,-3.3711],[114.8893,-3.3824],[114.8977,-3.4193],[114.8957,-3.4262],[114.8917,-3.4319],[114.892,-3.4476],[114.8484,-3.4379],[114.8441,-3.4347],[114.8426,-3.4321],[114.8378,-3.4294],[114.8324,-3.4283],[114.814,-3.427],[114.7987,-3.4233],[114.791,-3.4202],[114.7852,-3.4206],[114.7774,-3.4151],[114.7753,-3.411],[114.7711,-3.4073],[114.722,-3.3755],[114.7384,-3.3351],[114.74,-3.3241],[114.7455,-3.3226],[114.7499,-3.3157],[114.7586,-3.3145],[114.7651,-3.311],[114.7623,-3.3071],[114.7665,-3.3035],[114.7659,-3.2989],[114.7632,-3.2926],[114.7637,-3.2901],[114.762,-3.2851],[114.7636,-3.2759]]]}},{"type":"Feature","properties":{"nama_kec":"Banjar Utara","kab_id":"banjarmasin","kab_name":"Kota Banjarmasin","kab_label_asli":"Kota Banjarmasin","kab_dikoreksi":false,"cx":114.5868,"cy":-3.2966,"ndmi_arsip":-0.168,"lst_arsip":40.7,"peat_pct":51},"geometry":{"type":"Polygon","coordinates":[[[114.561,-3.2897],[114.5608,-3.289],[114.5658,-3.2824],[114.5662,-3.2708],[114.5686,-3.2679],[114.5752,-3.2701],[114.5771,-3.277],[114.58,-3.2763],[114.5827,-3.2735],[114.5884,-3.2774],[114.5921,-3.279],[114.5952,-3.2816],[114.5967,-3.2875],[114.6011,-3.2894],[114.6046,-3.2878],[114.6055,-3.2854],[114.6051,-3.2812],[114.6115,-3.2802],[114.6172,-3.282],[114.6239,-3.2874],[114.627,-3.2953],[114.6214,-3.3039],[114.6116,-3.3044],[114.6078,-3.3061],[114.6072,-3.3093],[114.6087,-3.3144],[114.6072,-3.3168],[114.6021,-3.316],[114.599,-3.3136],[114.5962,-3.31],[114.5942,-3.3101],[114.5918,-3.3054],[114.5904,-3.3044],[114.5874,-3.3043],[114.5843,-3.303],[114.5804,-3.2993],[114.5764,-3.3019],[114.5744,-3.3047],[114.5726,-3.3117],[114.5711,-3.3142],[114.5659,-3.3143],[114.563,-3.3153],[114.5583,-3.3198],[114.556,-3.3173],[114.5557,-3.3149],[114.5569,-3.3052],[114.5601,-3.2955],[114.561,-3.2897]]]}},{"type":"Feature","properties":{"nama_kec":"Pulau Laut Timur","kab_id":"kotabaru","kab_name":"Kab. Kotabaru","kab_label_asli":"Kab. Kotabaru","kab_dikoreksi":false,"cx":116.2283,"cy":-3.5477,"ndmi_arsip":-0.134,"lst_arsip":36.3,"peat_pct":13},"geometry":{"type":"Polygon","coordinates":[[[116.2682,-3.2994],[116.2682,-3.304],[116.2658,-3.3066],[116.2644,-3.3101],[116.2654,-3.3146],[116.2638,-3.3207],[116.2648,-3.3249],[116.263,-3.3287],[116.2621,-3.3355],[116.2598,-3.3389],[116.2574,-3.3445],[116.2556,-3.3464],[116.2563,-3.3493],[116.2556,-3.3527],[116.2529,-3.356],[116.2525,-3.3582],[116.2511,-3.3604],[116.25,-3.3739],[116.2504,-3.3785],[116.2518,-3.3816],[116.2532,-3.3888],[116.2589,-3.3969],[116.2632,-3.402],[116.2832,-3.4194],[116.2932,-3.4299],[116.3025,-3.4418],[116.3084,-3.451],[116.3117,-3.4612],[116.3144,-3.4761],[116.3136,-3.4868],[116.314,-3.5026],[116.3118,-3.5051],[116.2999,-3.504],[116.2973,-3.5052],[116.2853,-3.5075],[116.2785,-3.5073],[116.275,-3.5047],[116.2708,-3.5052],[116.2747,-3.5051],[116.2792,-3.508],[116.2901,-3.5088],[116.2909,-3.5097],[116.2898,-3.5117],[116.2852,-3.5159],[116.2798,-3.5193],[116.2794,-3.5206],[116.2773,-3.5208],[116.2768,-3.5223],[116.2721,-3.5237],[116.2736,-3.524],[116.2702,-3.526],[116.2669,-3.5294],[116.2641,-3.5306],[116.2591,-3.5289],[116.2527,-3.5289],[116.2501,-3.5344],[116.2512,-3.5352],[116.2515,-3.5371],[116.2491,-3.5393],[116.2491,-3.5419],[116.2478,-3.5438],[116.2445,-3.5409],[116.2428,-3.542],[116.2429,-3.5442],[116.2391,-3.543],[116.2405,-3.5444],[116.2428,-3.5446],[116.2437,-3.5437],[116.2433,-3.5419],[116.2442,-3.5413],[116.2466,-3.5427],[116.2471,-3.5441],[116.2489,-3.5435],[116.2498,-3.5392],[116.2519,-3.5377],[116.252,-3.5353],[116.2508,-3.5343],[116.253,-3.5295],[116.2554,-3.5303],[116.26,-3.5298],[116.2648,-3.5314],[116.2707,-3.5278],[116.2739,-3.5282],[116.2729,-3.5343],[116.2709,-3.5396],[116.2709,-3.5462],[116.2727,-3.5533],[116.2752,-3.556],[116.2781,-3.561],[116.286,-3.5629],[116.2916,-3.5676],[116.296,-3.5743],[116.2953,-3.5757],[116.2971,-3.5754],[116.298,-3.5763],[116.2988,-3.5789],[116.3063,-3.5906],[116.2952,-3.5981],[116.2929,-3.6004],[116.2897,-3.6078],[116.2887,-3.6129],[116.2902,-3.6247],[116.2918,-3.6237],[116.2948,-3.6274],[116.2979,-3.6288],[116.2982,-3.6334],[116.2974,-3.6362],[116.3006,-3.6391],[116.3012,-3.6413],[116.3006,-3.6424],[116.3016,-3.6453],[116.3001,-3.6447],[116.2994,-3.6452],[116.2971,-3.6516],[116.2989,-3.6564],[116.2972,-3.6557],[116.2963,-3.6578],[116.2978,-3.6608],[116.2963,-3.6645],[116.2958,-3.6696],[116.2969,-3.6769],[116.2982,-3.6801],[116.301,-3.6823],[116.3054,-3.6825],[116.3028,-3.6865],[116.3032,-3.6879],[116.3021,-3.6895],[116.303,-3.6917],[116.3016,-3.6974],[116.3017,-3.7023],[116.2999,-3.7079],[116.3003,-3.7121],[116.3048,-3.7201],[116.3049,-3.7216],[116.3014,-3.724],[116.299,-3.7216],[116.2978,-3.7243],[116.2973,-3.7222],[116.2942,-3.7216],[116.2932,-3.7229],[116.2943,-3.7257],[116.2929,-3.7254],[116.29,-3.7276],[116.2896,-3.7289],[116.2874,-3.7299],[116.2816,-3.7293],[116.2787,-3.7298],[116.2743,-3.7363],[116.2724,-3.7377],[116.2583,-3.7414],[116.2548,-3.741],[116.25,-3.7388],[116.1391,-3.6818],[116.159,-3.4998],[116.1947,-3.3825],[116.2217,-3.3125],[116.2242,-3.3103],[116.2358,-3.305],[116.2384,-3.3013],[116.2407,-3.2933],[116.2436,-3.2922],[116.2454,-3.2938],[116.2462,-3.2964],[116.2476,-3.2979],[116.2522,-3.2989],[116.2548,-3.3005],[116.257,-3.3009],[116.2639,-3.2998],[116.2659,-3.2988],[116.2682,-3.2994]]]}},{"type":"Feature","properties":{"nama_kec":"Banjar Barat","kab_id":"banjarmasin","kab_name":"Kota Banjarmasin","kab_label_asli":"Kota Banjarmasin","kab_dikoreksi":false,"cx":114.5798,"cy":-3.3208,"ndmi_arsip":-0.2,"lst_arsip":39.7,"peat_pct":55},"geometry":{"type":"Polygon","coordinates":[[[114.5583,-3.3198],[114.563,-3.3153],[114.5659,-3.3143],[114.5711,-3.3142],[114.5726,-3.3117],[114.5744,-3.3047],[114.5764,-3.3019],[114.5804,-3.2993],[114.5843,-3.303],[114.5874,-3.3043],[114.5904,-3.3044],[114.593,-3.3071],[114.5942,-3.3101],[114.5929,-3.3141],[114.5926,-3.3186],[114.5936,-3.3223],[114.5964,-3.325],[114.5958,-3.3267],[114.594,-3.3283],[114.5883,-3.3295],[114.5816,-3.3339],[114.5813,-3.3353],[114.5856,-3.3411],[114.5854,-3.3428],[114.5841,-3.3432],[114.5753,-3.3395],[114.5737,-3.3278],[114.5672,-3.3283],[114.5614,-3.3302],[114.5538,-3.3277],[114.5583,-3.3198]]]}},{"type":"Feature","properties":{"nama_kec":"Banjar Timur","kab_id":"banjarmasin","kab_name":"Kota Banjarmasin","kab_label_asli":"Kota Banjarmasin","kab_dikoreksi":false,"cx":114.6068,"cy":-3.3197,"ndmi_arsip":-0.278,"lst_arsip":37.1,"peat_pct":56},"geometry":{"type":"Polygon","coordinates":[[[114.5942,-3.3101],[114.5962,-3.31],[114.5997,-3.3142],[114.603,-3.3164],[114.6072,-3.3168],[114.6087,-3.3144],[114.6072,-3.3093],[114.6078,-3.3061],[114.6116,-3.3044],[114.6214,-3.3039],[114.6219,-3.3054],[114.6199,-3.3115],[114.6201,-3.3149],[114.6222,-3.3182],[114.6282,-3.3204],[114.6331,-3.3353],[114.6169,-3.3386],[114.61,-3.3437],[114.6049,-3.3448],[114.5988,-3.3371],[114.5973,-3.3297],[114.594,-3.3283],[114.5958,-3.3267],[114.5964,-3.325],[114.5936,-3.3223],[114.5926,-3.3186],[114.5929,-3.3141],[114.5942,-3.3101]]]}},{"type":"Feature","properties":{"nama_kec":"Banjar Selatan","kab_id":"banjarmasin","kab_name":"Kota Banjarmasin","kab_label_asli":"Kota Banjarmasin","kab_dikoreksi":false,"cx":114.5896,"cy":-3.344,"ndmi_arsip":-0.23,"lst_arsip":38.7,"peat_pct":60},"geometry":{"type":"Polygon","coordinates":[[[114.5538,-3.3277],[114.5614,-3.3302],[114.5672,-3.3283],[114.5737,-3.3278],[114.5753,-3.3395],[114.5841,-3.3432],[114.5854,-3.3428],[114.5856,-3.3411],[114.5813,-3.3353],[114.5816,-3.3339],[114.5883,-3.3295],[114.593,-3.3282],[114.5973,-3.3297],[114.5988,-3.3371],[114.6049,-3.3448],[114.61,-3.3437],[114.6169,-3.3386],[114.6331,-3.3353],[114.6342,-3.3409],[114.63,-3.3451],[114.6291,-3.3479],[114.6274,-3.3496],[114.6204,-3.3516],[114.6192,-3.3529],[114.6168,-3.3671],[114.5952,-3.3679],[114.5849,-3.3838],[114.5757,-3.3788],[114.5592,-3.368],[114.5317,-3.3522],[114.5381,-3.3468],[114.5493,-3.3351],[114.5538,-3.3277]]]}},{"type":"Feature","properties":{"nama_kec":"Kertakhanyar","kab_id":"banjar","kab_name":"Kab. Banjar","kab_label_asli":"Kota Banjarmasin","kab_dikoreksi":true,"cx":114.6196,"cy":-3.385,"ndmi_arsip":-0.314,"lst_arsip":35.9,"peat_pct":58},"geometry":{"type":"Polygon","coordinates":[[[114.6331,-3.3353],[114.6427,-3.3329],[114.6476,-3.3356],[114.6533,-3.3354],[114.6772,-3.3555],[114.6717,-3.3616],[114.6698,-3.3699],[114.663,-3.3775],[114.6536,-3.3836],[114.6545,-3.3865],[114.6539,-3.3885],[114.6356,-3.3993],[114.6373,-3.4173],[114.6335,-3.4178],[114.6317,-3.4152],[114.6251,-3.415],[114.6241,-3.4166],[114.6176,-3.4182],[114.615,-3.4214],[114.6092,-3.432],[114.593,-3.4332],[114.5763,-3.4373],[114.575,-3.4369],[114.5688,-3.4283],[114.5605,-3.4202],[114.5554,-3.4178],[114.5581,-3.4082],[114.5637,-3.3974],[114.5757,-3.3788],[114.5849,-3.3838],[114.5952,-3.3679],[114.6168,-3.3671],[114.6192,-3.3529],[114.6204,-3.3516],[114.6274,-3.3496],[114.6291,-3.3479],[114.63,-3.3451],[114.6342,-3.3409],[114.6331,-3.3353]]]}},{"type":"Feature","properties":{"nama_kec":"Batulicin","kab_id":"tanbu","kab_name":"Kab. Tanah Bumbu","kab_label_asli":"Kab. Tanah Bumbu","kab_dikoreksi":false,"cx":116.0633,"cy":-3.3662,"ndmi_arsip":-0.304,"lst_arsip":36.7,"peat_pct":48},"geometry":{"type":"Polygon","coordinates":[[[116.0601,-3.3838],[116.0579,-3.3838],[116.054,-3.3782],[116.0571,-3.3656],[116.0578,-3.3546],[116.0607,-3.3502],[116.0684,-3.3476],[116.0705,-3.3478],[116.0725,-3.3489],[116.0718,-3.3709],[116.0688,-3.3794],[116.0601,-3.3838]]]}},{"type":"Feature","properties":{"nama_kec":"Aluhaluh","kab_id":"banjar","kab_name":"Kab. Banjar","kab_label_asli":"Kota Banjarmasin","kab_dikoreksi":true,"cx":114.5556,"cy":-3.4503,"ndmi_arsip":-0.172,"lst_arsip":40.6,"peat_pct":69},"geometry":{"type":"Polygon","coordinates":[[[114.5317,-3.3522],[114.5592,-3.368],[114.5757,-3.3788],[114.5637,-3.3974],[114.5581,-3.4082],[114.5554,-3.4178],[114.5605,-3.4202],[114.5688,-3.4283],[114.575,-3.4369],[114.5763,-3.4373],[114.5831,-3.4358],[114.5845,-3.4415],[114.5843,-3.4432],[114.5759,-3.4473],[114.5748,-3.4487],[114.5784,-3.4566],[114.5801,-3.4629],[114.5822,-3.4643],[114.5928,-3.4638],[114.5949,-3.4648],[114.5951,-3.4749],[114.5995,-3.4766],[114.6003,-3.4854],[114.6019,-3.4883],[114.6439,-3.4879],[114.6558,-3.4885],[114.6619,-3.5219],[114.6105,-3.5326],[114.5869,-3.5323],[114.5247,-3.5414],[114.509,-3.5447],[114.5103,-3.5425],[114.5117,-3.5362],[114.5144,-3.4998],[114.5153,-3.4965],[114.5146,-3.4846],[114.5119,-3.4693],[114.5121,-3.4643],[114.513,-3.4577],[114.5145,-3.4527],[114.5172,-3.448],[114.5195,-3.4394],[114.5193,-3.4341],[114.5176,-3.4264],[114.51,-3.4109],[114.5064,-3.3954],[114.5064,-3.3888],[114.5085,-3.3833],[114.5148,-3.3731],[114.5235,-3.361],[114.5317,-3.3522]]]}},{"type":"Feature","properties":{"nama_kec":"Batulicin","kab_id":"tanbu","kab_name":"Kab. Tanah Bumbu","kab_label_asli":"Kab. Tanah Bumbu","kab_dikoreksi":false,"cx":116.0358,"cy":-3.3788,"ndmi_arsip":-0.304,"lst_arsip":36.7,"peat_pct":48},"geometry":{"type":"Polygon","coordinates":[[[116.0459,-3.3576],[116.0455,-3.3664],[116.0371,-3.3927],[116.0364,-3.3976],[116.0316,-3.4027],[116.0265,-3.4054],[116.0246,-3.4022],[116.0279,-3.395],[116.0329,-3.3786],[116.0322,-3.3673],[116.033,-3.364],[116.0381,-3.3589],[116.043,-3.3572],[116.0459,-3.3576]]]}},{"type":"Feature","properties":{"nama_kec":"Gambut","kab_id":"banjar","kab_name":"Kab. Banjar","kab_label_asli":"Kota Banjarmasin","kab_dikoreksi":true,"cx":114.6275,"cy":-3.4259,"ndmi_arsip":-0.338,"lst_arsip":35.1,"peat_pct":66},"geometry":{"type":"Polygon","coordinates":[[[114.6772,-3.3555],[114.6887,-3.365],[114.7029,-3.3681],[114.7179,-3.3729],[114.6581,-3.4998],[114.6564,-3.4897],[114.655,-3.4881],[114.6013,-3.488],[114.6003,-3.4854],[114.5995,-3.4766],[114.5951,-3.4749],[114.5949,-3.4648],[114.5928,-3.4638],[114.5822,-3.4643],[114.5806,-3.4636],[114.5784,-3.4566],[114.5749,-3.4495],[114.5753,-3.4478],[114.5843,-3.4432],[114.5845,-3.4415],[114.5831,-3.4358],[114.593,-3.4332],[114.6098,-3.4317],[114.615,-3.4214],[114.6183,-3.4176],[114.6228,-3.4171],[114.6242,-3.4165],[114.6249,-3.4151],[114.6271,-3.4147],[114.6317,-3.4152],[114.6335,-3.4178],[114.6373,-3.4173],[114.6356,-3.3993],[114.6539,-3.3885],[114.6545,-3.3865],[114.6536,-3.3836],[114.663,-3.3775],[114.6698,-3.3699],[114.6717,-3.3616],[114.6772,-3.3555]]]}},{"type":"Feature","properties":{"nama_kec":"Aranio","kab_id":"banjar","kab_name":"Kab. Banjar","kab_label_asli":"Kab. Tanah Laut","kab_dikoreksi":true,"cx":115.127,"cy":-3.5551,"ndmi_arsip":-0.086,"lst_arsip":39.9,"peat_pct":32},"geometry":{"type":"Polygon","coordinates":[[[115.1924,-3.3669],[115.212,-3.3903],[115.2211,-3.3911],[115.2306,-3.3887],[115.2423,-3.3828],[115.2485,-3.373],[115.2533,-3.3725],[115.2602,-3.3732],[115.2656,-3.3757],[115.2703,-3.3808],[115.2756,-3.3905],[115.278,-3.3924],[115.3072,-3.3943],[115.3215,-3.3936],[115.329,-3.3924],[115.3754,-3.38],[115.3954,-3.3774],[115.3985,-3.3818],[115.3981,-3.3924],[115.3952,-3.4126],[115.3939,-3.4168],[115.3926,-3.4183],[115.3903,-3.4358],[115.3933,-3.443],[115.4024,-3.4455],[115.4063,-3.4473],[115.4103,-3.4501],[115.41,-3.4527],[115.402,-3.4581],[115.3986,-3.4637],[115.3732,-3.4825],[115.3562,-3.4998],[115.3503,-3.5039],[115.3483,-3.5047],[115.3358,-3.5055],[115.3158,-3.5089],[115.3066,-3.5153],[115.2976,-3.5226],[115.2882,-3.533],[115.2783,-3.5488],[115.2711,-3.557],[115.2656,-3.5608],[115.2541,-3.5647],[115.2467,-3.571],[115.2447,-3.5716],[115.236,-3.5782],[115.2345,-3.5802],[115.2347,-3.5855],[115.2322,-3.5913],[115.2283,-3.5971],[115.2256,-3.599],[115.2207,-3.6008],[115.2155,-3.6044],[115.2077,-3.6065],[115.2026,-3.6071],[115.1992,-3.6045],[115.1967,-3.6047],[115.1935,-3.6067],[115.187,-3.6081],[115.1806,-3.6112],[115.1739,-3.6164],[115.1685,-3.618],[115.1664,-3.6198],[115.1628,-3.6254],[115.1616,-3.6261],[115.1586,-3.6274],[115.1511,-3.6287],[115.1445,-3.6287],[115.1404,-3.6333],[115.1376,-3.634],[115.1336,-3.6332],[115.1219,-3.6407],[115.1203,-3.6409],[115.1132,-3.6375],[115.1113,-3.6385],[115.1092,-3.6425],[115.1048,-3.6466],[115.1068,-3.6513],[115.1051,-3.6529],[115.1005,-3.6539],[115.0979,-3.6565],[115.095,-3.6607],[115.0907,-3.6723],[115.0838,-3.6768],[115.0801,-3.6821],[115.0701,-3.6798],[115.0672,-3.6819],[115.062,-3.6886],[115.0598,-3.6901],[115.0553,-3.691],[115.0498,-3.6967],[115.0402,-3.7027],[115.0351,-3.7036],[115.0316,-3.7023],[115.0287,-3.6938],[115.0272,-3.6931],[115.025,-3.6934],[115.0143,-3.6985],[115.0087,-3.7001],[114.992,-3.7013],[114.9732,-3.716],[114.9695,-3.7172],[114.9662,-3.7169],[114.9627,-3.7181],[114.9504,-3.7264],[114.9462,-3.7255],[114.9391,-3.7276],[114.9311,-3.7288],[114.9292,-3.7259],[114.9249,-3.7244],[114.9236,-3.7218],[114.9249,-3.7154],[114.9305,-3.7122],[114.9305,-3.7102],[114.9272,-3.706],[114.9268,-3.7043],[114.9327,-3.6989],[114.9373,-3.6927],[114.9434,-3.6794],[114.9464,-3.6684],[114.952,-3.6585],[114.9603,-3.6509],[114.9614,-3.6485],[114.9735,-3.6494],[114.9851,-3.6442],[114.9959,-3.6342],[115.0,-3.6287],[115.0027,-3.6226],[115.0028,-3.6167],[115.0,-3.6099],[114.9957,-3.6027],[114.9874,-3.593],[114.9859,-3.59],[114.986,-3.5872],[114.9959,-3.5764],[115.0021,-3.5732],[115.0041,-3.5658],[115.0045,-3.5492],[115.0023,-3.545],[115.0017,-3.5389],[114.9792,-3.5151],[114.9795,-3.513],[114.9836,-3.5079],[114.9845,-3.5029],[114.9863,-3.5004],[114.9894,-3.4986],[114.9892,-3.4855],[115.0071,-3.4725],[115.0228,-3.4647],[115.0241,-3.4647],[115.0261,-3.4663],[115.0324,-3.4663],[115.0421,-3.47],[115.0449,-3.4697],[115.0501,-3.4658],[115.0536,-3.4602],[115.0625,-3.4536],[115.064,-3.4461],[115.0648,-3.4454],[115.072,-3.4417],[115.0786,-3.4343],[115.0883,-3.4313],[115.0916,-3.4333],[115.0957,-3.4317],[115.0969,-3.4276],[115.1062,-3.4239],[115.1079,-3.4217],[115.106,-3.418],[115.1149,-3.4125],[115.1169,-3.4088],[115.121,-3.4059],[115.1315,-3.3956],[115.1377,-3.3873],[115.1635,-3.37],[115.1738,-3.3598],[115.1838,-3.3569],[115.1924,-3.3669]]]}},{"type":"Feature","properties":{"nama_kec":"Pulau Sebuku","kab_id":"kotabaru","kab_name":"Kab. Kotabaru","kab_label_asli":"Kab. Kotabaru","kab_dikoreksi":false,"cx":116.3781,"cy":-3.5144,"ndmi_arsip":-0.152,"lst_arsip":35.7,"peat_pct":4},"geometry":{"type":"Polygon","coordinates":[[[116.3377,-3.5613],[116.3325,-3.5584],[116.3237,-3.5564],[116.3197,-3.557],[116.3174,-3.5586],[116.3145,-3.5586],[116.3127,-3.5572],[116.3125,-3.5549],[116.314,-3.551],[116.3195,-3.5418],[116.3215,-3.5295],[116.3299,-3.5106],[116.3327,-3.5055],[116.3362,-3.5039],[116.3378,-3.5048],[116.3393,-3.5035],[116.3378,-3.5042],[116.3358,-3.5034],[116.3336,-3.5041],[116.3333,-3.5032],[116.3361,-3.4914],[116.3359,-3.4866],[116.3377,-3.4797],[116.3396,-3.4763],[116.3406,-3.4761],[116.3411,-3.4719],[116.3444,-3.4659],[116.3449,-3.4576],[116.3466,-3.4574],[116.3451,-3.4551],[116.3459,-3.4508],[116.3529,-3.4409],[116.3648,-3.4294],[116.3677,-3.4283],[116.3689,-3.4263],[116.3723,-3.4247],[116.3738,-3.423],[116.376,-3.4225],[116.387,-3.4158],[116.3921,-3.4101],[116.3937,-3.4042],[116.3965,-3.4003],[116.3985,-3.3997],[116.3982,-3.3976],[116.3994,-3.3918],[116.3987,-3.3901],[116.4019,-3.3839],[116.4056,-3.3794],[116.4056,-3.3738],[116.4095,-3.3702],[116.407,-3.3679],[116.4068,-3.3667],[116.4093,-3.3601],[116.4135,-3.3609],[116.4142,-3.3618],[116.418,-3.362],[116.4229,-3.3648],[116.4264,-3.3634],[116.4292,-3.3639],[116.4302,-3.3668],[116.4319,-3.3676],[116.433,-3.3761],[116.4356,-3.3856],[116.4358,-3.3903],[116.4327,-3.4],[116.4317,-3.4077],[116.4322,-3.4136],[116.4344,-3.4182],[116.435,-3.4223],[116.4322,-3.4302],[116.4279,-3.4389],[116.4256,-3.4461],[116.4228,-3.4515],[116.4204,-3.4652],[116.4209,-3.4804],[116.4196,-3.4823],[116.4192,-3.4889],[116.4202,-3.4929],[116.4179,-3.4986],[116.4182,-3.5047],[116.4147,-3.5142],[116.4113,-3.5189],[116.4084,-3.5263],[116.407,-3.5371],[116.4071,-3.5494],[116.4057,-3.5539],[116.408,-3.5556],[116.4095,-3.5596],[116.4082,-3.5637],[116.4084,-3.5706],[116.4069,-3.5736],[116.4065,-3.5771],[116.4047,-3.58],[116.4025,-3.5902],[116.4034,-3.5945],[116.4018,-3.6004],[116.4023,-3.6059],[116.4016,-3.6091],[116.3987,-3.6133],[116.3994,-3.6246],[116.3989,-3.6263],[116.3976,-3.6271],[116.3949,-3.6275],[116.3918,-3.6257],[116.3864,-3.6275],[116.3838,-3.6372],[116.3843,-3.6387],[116.3833,-3.6423],[116.3845,-3.6474],[116.38,-3.6521],[116.3739,-3.6499],[116.3703,-3.6515],[116.3679,-3.6505],[116.3643,-3.6515],[116.3622,-3.6507],[116.3618,-3.6464],[116.3604,-3.6463],[116.3599,-3.6453],[116.3587,-3.6394],[116.359,-3.6369],[116.3536,-3.6236],[116.3533,-3.6176],[116.352,-3.6129],[116.35,-3.61],[116.3545,-3.6056],[116.3549,-3.6023],[116.3541,-3.6002],[116.348,-3.594],[116.3495,-3.5898],[116.3494,-3.5877],[116.3436,-3.5702],[116.3472,-3.5676],[116.3492,-3.5678],[116.3502,-3.5662],[116.3512,-3.5685],[116.3526,-3.5676],[116.3514,-3.5681],[116.351,-3.5661],[116.35,-3.5658],[116.3488,-3.5673],[116.347,-3.567],[116.3434,-3.5686],[116.3377,-3.5613]]]}},{"type":"Feature","properties":{"nama_kec":"Tabunganen","kab_id":"baritokuala","kab_name":"Kab. Barito Kuala","kab_label_asli":"Kab. Barito Kuala","kab_dikoreksi":false,"cx":114.4307,"cy":-3.4517,"ndmi_arsip":-0.212,"lst_arsip":36.1,"peat_pct":64},"geometry":{"type":"Polygon","coordinates":[[[114.5,-3.3809],[114.5039,-3.385],[114.507,-3.3864],[114.5064,-3.3888],[114.5064,-3.3954],[114.51,-3.4109],[114.5176,-3.4264],[114.5193,-3.4341],[114.5195,-3.4394],[114.5172,-3.448],[114.5145,-3.4527],[114.513,-3.4577],[114.5121,-3.4643],[114.5119,-3.4693],[114.5146,-3.4846],[114.5153,-3.4965],[114.5144,-3.4998],[114.5117,-3.5362],[114.5103,-3.5425],[114.509,-3.5447],[114.4852,-3.5002],[114.4811,-3.5029],[114.4583,-3.5029],[114.4435,-3.5021],[114.4334,-3.5001],[114.4344,-3.4995],[114.4284,-3.4975],[114.4279,-3.4962],[114.4253,-3.4964],[114.424,-3.4958],[114.4192,-3.4916],[114.4185,-3.4898],[114.4166,-3.4894],[114.4092,-3.4841],[114.4055,-3.4844],[114.3998,-3.4816],[114.3993,-3.4777],[114.398,-3.4786],[114.3978,-3.4776],[114.3955,-3.4782],[114.395,-3.4767],[114.3936,-3.4773],[114.3908,-3.4761],[114.39,-3.4748],[114.3917,-3.47],[114.3907,-3.4726],[114.3885,-3.4749],[114.384,-3.4727],[114.384,-3.4702],[114.3834,-3.47],[114.383,-3.4717],[114.3822,-3.4719],[114.3803,-3.4702],[114.3783,-3.4702],[114.3642,-3.4631],[114.3496,-3.4576],[114.3506,-3.4513],[114.3531,-3.4464],[114.3536,-3.4426],[114.3492,-3.4408],[114.3469,-3.4363],[114.3463,-3.431],[114.3476,-3.426],[114.3463,-3.4194],[114.3483,-3.4166],[114.3529,-3.4152],[114.3555,-3.4108],[114.3594,-3.3944],[114.3586,-3.3863],[114.3928,-3.3873],[114.4165,-3.3871],[114.4322,-3.3835],[114.4457,-3.3784],[114.4673,-3.3596],[114.4754,-3.3647],[114.4769,-3.3643],[114.4904,-3.3737],[114.4953,-3.3784],[114.5,-3.3809]]]}},{"type":"Feature","properties":{"nama_kec":"Landasan Ulin","kab_id":"banjarbaru","kab_name":"Kota Banjarbaru","kab_label_asli":"Kota Banjarbaru","kab_dikoreksi":false,"cx":114.7639,"cy":-3.463,"ndmi_arsip":0.018,"lst_arsip":37.8,"peat_pct":14},"geometry":{"type":"Polygon","coordinates":[[[114.7179,-3.3729],[114.75,-3.3931],[114.7711,-3.4073],[114.7753,-3.411],[114.7774,-3.4142],[114.7787,-3.4256],[114.787,-3.4317],[114.7928,-3.4372],[114.7947,-3.4393],[114.7973,-3.4459],[114.8051,-3.4479],[114.8117,-3.4558],[114.8106,-3.4754],[114.8063,-3.4784],[114.8038,-3.4856],[114.7993,-3.4896],[114.7846,-3.4987],[114.7604,-3.5168],[114.7598,-3.5162],[114.7567,-3.5167],[114.7479,-3.512],[114.7453,-3.5133],[114.7392,-3.5107],[114.7143,-3.5109],[114.6619,-3.5219],[114.6581,-3.4997],[114.7179,-3.3729]]]}},{"type":"Feature","properties":{"nama_kec":"Karangintan","kab_id":"banjar","kab_name":"Kab. Banjar","kab_label_asli":"Kota Banjarbaru","kab_dikoreksi":true,"cx":114.9586,"cy":-3.5163,"ndmi_arsip":-0.072,"lst_arsip":34.8,"peat_pct":29},"geometry":{"type":"Polygon","coordinates":[[[114.8967,-3.4147],[114.8997,-3.4123],[114.9084,-3.3986],[114.9254,-3.3937],[114.945,-3.3902],[114.9868,-3.3943],[115.0012,-3.4085],[115.0541,-3.4304],[115.072,-3.4417],[115.064,-3.4461],[115.0625,-3.4536],[115.0536,-3.4602],[115.0501,-3.4658],[115.0449,-3.4697],[115.0421,-3.47],[115.0324,-3.4663],[115.0261,-3.4663],[115.0241,-3.4647],[115.0228,-3.4647],[115.0071,-3.4725],[114.9892,-3.4855],[114.9894,-3.4986],[114.9863,-3.5004],[114.9845,-3.5029],[114.9836,-3.5079],[114.9795,-3.513],[114.9792,-3.5151],[115.0017,-3.5389],[115.0023,-3.545],[115.0045,-3.5492],[115.0041,-3.5658],[115.0021,-3.5732],[114.9959,-3.5764],[114.986,-3.5872],[114.9859,-3.59],[114.9874,-3.593],[114.9957,-3.6027],[115.0,-3.6099],[115.0028,-3.6167],[115.0027,-3.6226],[115.0,-3.6287],[114.9959,-3.6342],[114.9851,-3.6442],[114.9745,-3.6492],[114.9614,-3.6485],[114.9632,-3.6371],[114.9631,-3.6341],[114.9615,-3.6309],[114.957,-3.6262],[114.9509,-3.6244],[114.932,-3.6233],[114.9302,-3.6194],[114.934,-3.6161],[114.9348,-3.6126],[114.9277,-3.6001],[114.9158,-3.5754],[114.9076,-3.5618],[114.9092,-3.5535],[114.9086,-3.543],[114.9093,-3.5374],[114.912,-3.5323],[114.9216,-3.5266],[114.9225,-3.5236],[114.9223,-3.5189],[114.9209,-3.5132],[114.9177,-3.5107],[114.9103,-3.5077],[114.9076,-3.5056],[114.9042,-3.5006],[114.899,-3.4929],[114.8924,-3.4751],[114.8921,-3.4732],[114.8932,-3.4695],[114.899,-3.464],[114.9078,-3.459],[114.9088,-3.4561],[114.9107,-3.4558],[114.9116,-3.4517],[114.9102,-3.4491],[114.9035,-3.4511],[114.8984,-3.4486],[114.892,-3.4476],[114.8916,-3.4327],[114.8957,-3.4262],[114.8974,-3.4204],[114.8967,-3.4147]]]}},{"type":"Feature","properties":{"nama_kec":"Banjarbaru","kab_id":"banjarbaru","kab_name":"Kota Banjarbaru","kab_label_asli":"Kota Banjarbaru","kab_dikoreksi":false,"cx":114.8401,"cy":-3.448,"ndmi_arsip":-0.122,"lst_arsip":33.1,"peat_pct":24},"geometry":{"type":"Polygon","coordinates":[[[114.7774,-3.4151],[114.7859,-3.4208],[114.791,-3.4202],[114.7987,-3.4233],[114.814,-3.427],[114.8324,-3.4283],[114.8378,-3.4294],[114.8426,-3.4321],[114.8446,-3.4353],[114.8487,-3.438],[114.8907,-3.4477],[114.8984,-3.4486],[114.9035,-3.4511],[114.9102,-3.4491],[114.9116,-3.4517],[114.9109,-3.4554],[114.9088,-3.4561],[114.907,-3.4597],[114.8973,-3.4656],[114.8932,-3.4695],[114.8921,-3.4732],[114.8729,-3.4669],[114.8415,-3.4664],[114.8282,-3.4707],[114.8278,-3.4727],[114.8259,-3.4743],[114.8188,-3.4777],[114.8165,-3.4778],[114.8106,-3.4754],[114.8117,-3.4558],[114.8051,-3.4479],[114.7973,-3.4459],[114.7947,-3.4393],[114.7928,-3.4372],[114.787,-3.4317],[114.7787,-3.4256],[114.7774,-3.4151]]]}},{"type":"Feature","properties":{"nama_kec":"Batulicin","kab_id":"tanbu","kab_name":"Kab. Tanah Bumbu","kab_label_asli":"Kab. Tanah Bumbu","kab_dikoreksi":false,"cx":116.0293,"cy":-3.4352,"ndmi_arsip":-0.304,"lst_arsip":36.7,"peat_pct":48},"geometry":{"type":"Polygon","coordinates":[[[116.0215,-3.428],[116.0286,-3.4223],[116.0311,-3.4212],[116.0383,-3.4195],[116.0401,-3.4199],[116.0411,-3.4212],[116.0401,-3.4258],[116.035,-3.434],[116.0339,-3.4352],[116.0314,-3.4348],[116.0337,-3.4361],[116.0333,-3.4398],[116.0347,-3.4484],[116.0319,-3.4536],[116.0267,-3.4569],[116.0231,-3.4546],[116.0193,-3.4502],[116.0153,-3.4421],[116.0156,-3.4363],[116.0186,-3.4309],[116.0215,-3.428]]]}},{"type":"Feature","properties":{"nama_kec":"Kusan Hilir","kab_id":"tanbu","kab_name":"Kab. Tanah Bumbu","kab_label_asli":"Kab. Tanah Bumbu","kab_dikoreksi":false,"cx":115.8508,"cy":-3.5975,"ndmi_arsip":-0.278,"lst_arsip":37.6,"peat_pct":41},"geometry":{"type":"Polygon","coordinates":[[[115.8196,-3.4305],[115.8312,-3.441],[115.842,-3.4491],[115.8557,-3.4565],[115.8616,-3.4591],[115.8697,-3.4615],[115.8724,-3.4631],[115.8755,-3.466],[115.8857,-3.4839],[115.8946,-3.4944],[115.9007,-3.5003],[115.9071,-3.5032],[115.9118,-3.5039],[115.9163,-3.5088],[115.9427,-3.5056],[115.9642,-3.5077],[115.9676,-3.5084],[115.9766,-3.5169],[115.9814,-3.5199],[115.9926,-3.5221],[115.991,-3.5272],[115.9881,-3.5285],[115.9856,-3.5273],[115.9882,-3.5291],[115.9911,-3.5277],[115.9917,-3.5281],[115.9917,-3.5378],[115.9885,-3.5385],[115.987,-3.5411],[115.9809,-3.5368],[115.9819,-3.5385],[115.984,-3.5393],[115.9864,-3.5417],[115.9897,-3.539],[115.9916,-3.5403],[115.9913,-3.545],[115.992,-3.5478],[115.9913,-3.5511],[115.9927,-3.5536],[115.9899,-3.5542],[115.9901,-3.5517],[115.9873,-3.5521],[115.9872,-3.5499],[115.9851,-3.5501],[115.9839,-3.5513],[115.9825,-3.5507],[115.9826,-3.5517],[115.9836,-3.5519],[115.9854,-3.5505],[115.9871,-3.5504],[115.987,-3.5526],[115.9897,-3.5519],[115.989,-3.5546],[115.9926,-3.5544],[115.9935,-3.5598],[115.9961,-3.5619],[115.9962,-3.5627],[115.9922,-3.5659],[115.9871,-3.5769],[115.9878,-3.5778],[115.9897,-3.5757],[115.9901,-3.5738],[115.9907,-3.5742],[115.9908,-3.5718],[115.9945,-3.5656],[115.9942,-3.5683],[115.9947,-3.5683],[115.9925,-3.5739],[115.9839,-3.5831],[115.9776,-3.593],[115.976,-3.5978],[115.9705,-3.6072],[115.9705,-3.6096],[115.9673,-3.6115],[115.9561,-3.6134],[115.9343,-3.6125],[115.9146,-3.6139],[115.9017,-3.6171],[115.8902,-3.6178],[115.8784,-3.6199],[115.8367,-3.6302],[115.8346,-3.6317],[115.8333,-3.6313],[115.8297,-3.6348],[115.8256,-3.6368],[115.8377,-3.6312],[115.836,-3.6334],[115.8183,-3.6409],[115.8146,-3.6445],[115.8124,-3.6485],[115.8012,-3.6547],[115.7981,-3.661],[115.7918,-3.6682],[115.791,-3.6749],[115.7888,-3.6793],[115.7866,-3.6789],[115.7871,-3.6802],[115.7761,-3.6881],[115.7713,-3.69],[115.7656,-3.6949],[115.7609,-3.6964],[115.7598,-3.696],[115.7598,-3.697],[115.7496,-3.7013],[115.7459,-3.7034],[115.7457,-3.7041],[115.7477,-3.7034],[115.7448,-3.7053],[115.7352,-3.7098],[115.7182,-3.7271],[115.7173,-3.73],[115.7183,-3.7319],[115.7059,-3.7353],[115.6903,-3.7361],[115.6816,-3.7375],[115.6683,-3.7409],[115.6635,-3.7405],[115.6603,-3.7394],[115.66,-3.7379],[115.6576,-3.7363],[115.6568,-3.7349],[115.6628,-3.7327],[115.662,-3.7322],[115.6603,-3.7332],[115.6611,-3.7323],[115.6594,-3.732],[115.6588,-3.7325],[115.6598,-3.7329],[115.6583,-3.7329],[115.6561,-3.7344],[115.654,-3.7315],[115.6529,-3.7244],[115.6502,-3.7173],[115.6493,-3.711],[115.6504,-3.7026],[115.6495,-3.6999],[115.6495,-3.6946],[115.6476,-3.6875],[115.6493,-3.6422],[115.6504,-3.585],[115.6501,-3.558],[115.6709,-3.5581],[115.704,-3.5596],[115.7284,-3.559],[115.7311,-3.5581],[115.7412,-3.5585],[115.7503,-3.5556],[115.7695,-3.5573],[115.7924,-3.5465],[115.827,-3.5665],[115.8293,-3.5671],[115.8308,-3.5656],[115.84,-3.544],[115.8479,-3.5354],[115.8523,-3.5288],[115.8543,-3.5244],[115.855,-3.5199],[115.8496,-3.4926],[115.8467,-3.4847],[115.8438,-3.4791],[115.8266,-3.4567],[115.8226,-3.4449],[115.8196,-3.4305]]]}},{"type":"Feature","properties":{"nama_kec":"Cempaka","kab_id":"banjarbaru","kab_name":"Kota Banjarbaru","kab_label_asli":"Kota Banjarbaru","kab_dikoreksi":false,"cx":114.851,"cy":-3.5329,"ndmi_arsip":0.05,"lst_arsip":38.9,"peat_pct":10},"geometry":{"type":"Polygon","coordinates":[[[114.8106,-3.4754],[114.8165,-3.4778],[114.8188,-3.4777],[114.8259,-3.4743],[114.8278,-3.4727],[114.8282,-3.4707],[114.8415,-3.4664],[114.8729,-3.4669],[114.8921,-3.4732],[114.899,-3.4929],[114.9076,-3.5056],[114.9121,-3.5087],[114.9177,-3.5107],[114.9216,-3.5142],[114.9223,-3.5189],[114.9222,-3.5257],[114.9193,-3.5283],[114.9117,-3.5326],[114.9093,-3.5374],[114.9087,-3.5418],[114.9065,-3.5412],[114.9008,-3.5444],[114.8988,-3.5435],[114.8965,-3.5437],[114.8935,-3.5447],[114.893,-3.5459],[114.8907,-3.5463],[114.8886,-3.5453],[114.8877,-3.5474],[114.8851,-3.5468],[114.8823,-3.5528],[114.8811,-3.5578],[114.8798,-3.5556],[114.8774,-3.5547],[114.877,-3.5533],[114.8751,-3.5536],[114.8731,-3.5552],[114.8716,-3.5543],[114.869,-3.5548],[114.8681,-3.557],[114.8656,-3.5586],[114.8651,-3.5641],[114.8638,-3.5654],[114.8623,-3.5656],[114.8609,-3.569],[114.8594,-3.5701],[114.8563,-3.569],[114.8558,-3.5675],[114.8578,-3.5632],[114.858,-3.5605],[114.8531,-3.5579],[114.8498,-3.559],[114.8487,-3.5571],[114.8444,-3.5593],[114.8447,-3.5573],[114.8467,-3.556],[114.8473,-3.5547],[114.8465,-3.5514],[114.844,-3.5513],[114.8411,-3.5535],[114.8403,-3.5533],[114.8394,-3.5518],[114.8383,-3.5523],[114.8363,-3.5508],[114.8278,-3.5494],[114.827,-3.5481],[114.823,-3.5476],[114.8174,-3.543],[114.8122,-3.541],[114.8113,-3.5395],[114.8102,-3.5331],[114.8105,-3.5266],[114.8088,-3.5244],[114.8008,-3.5235],[114.7929,-3.5249],[114.7834,-3.5255],[114.7755,-3.523],[114.7719,-3.5226],[114.766,-3.52],[114.763,-3.5169],[114.7618,-3.5175],[114.7604,-3.5169],[114.7846,-3.4987],[114.7993,-3.4896],[114.8038,-3.4856],[114.8063,-3.4784],[114.8106,-3.4754]]]}},{"type":"Feature","properties":{"nama_kec":"Satui","kab_id":"tanbu","kab_name":"Kab. Tanah Bumbu","kab_label_asli":"Kab. Tanah Laut","kab_dikoreksi":true,"cx":115.4414,"cy":-3.6953,"ndmi_arsip":-0.24,"lst_arsip":34.8,"peat_pct":35},"geometry":{"type":"Polygon","coordinates":[[[115.3803,-3.4772],[115.3878,-3.491],[115.3967,-3.519],[115.3995,-3.5234],[115.4022,-3.5249],[115.4061,-3.5246],[115.4118,-3.5221],[115.4158,-3.5183],[115.4226,-3.5044],[115.4268,-3.4978],[115.4335,-3.4919],[115.4468,-3.492],[115.4533,-3.4937],[115.472,-3.4995],[115.4778,-3.5038],[115.481,-3.5099],[115.4869,-3.518],[115.4804,-3.5209],[115.4787,-3.5251],[115.476,-3.5268],[115.4765,-3.5323],[115.4734,-3.5365],[115.4756,-3.5459],[115.4753,-3.5566],[115.5259,-3.558],[115.5423,-3.5566],[115.5599,-3.5566],[115.5888,-3.5578],[115.5979,-3.5577],[115.6085,-3.5562],[115.6246,-3.5579],[115.6501,-3.558],[115.6504,-3.585],[115.6493,-3.6422],[115.6476,-3.6875],[115.6495,-3.6946],[115.6495,-3.6999],[115.6504,-3.7026],[115.6493,-3.711],[115.6502,-3.7173],[115.6529,-3.7244],[115.654,-3.7315],[115.6604,-3.7428],[115.6476,-3.7469],[115.6365,-3.7515],[115.6341,-3.7515],[115.634,-3.7483],[115.6327,-3.7478],[115.6333,-3.7499],[115.633,-3.7533],[115.6189,-3.761],[115.6154,-3.7632],[115.6119,-3.7668],[115.6077,-3.769],[115.5927,-3.7713],[115.5913,-3.7709],[115.5912,-3.7698],[115.5889,-3.7724],[115.5761,-3.7765],[115.5563,-3.7861],[115.5322,-3.7953],[115.5265,-3.7987],[115.5115,-3.8036],[115.5004,-3.8094],[115.4785,-3.8141],[115.4778,-3.8153],[115.464,-3.819],[115.4145,-3.8454],[115.378,-3.8618],[115.3756,-3.8615],[115.3778,-3.858],[115.3767,-3.8553],[115.3739,-3.8547],[115.3717,-3.8529],[115.3716,-3.8549],[115.3706,-3.8551],[115.3682,-3.8549],[115.3664,-3.8539],[115.3663,-3.8523],[115.3684,-3.851],[115.3681,-3.8502],[115.3667,-3.8507],[115.3662,-3.8485],[115.3686,-3.8472],[115.3695,-3.8442],[115.3718,-3.8413],[115.3706,-3.8393],[115.3721,-3.8331],[115.3711,-3.8285],[115.3686,-3.8257],[115.3697,-3.8226],[115.367,-3.8174],[115.3628,-3.8148],[115.3608,-3.8149],[115.3559,-3.8123],[115.3546,-3.8127],[115.3535,-3.8113],[115.3538,-3.8093],[115.3528,-3.8061],[115.3544,-3.8035],[115.3573,-3.8018],[115.3569,-3.7995],[115.3583,-3.7957],[115.357,-3.7939],[115.3584,-3.7909],[115.3566,-3.7897],[115.3564,-3.7885],[115.3564,-3.7872],[115.3577,-3.786],[115.3585,-3.7773],[115.3559,-3.7698],[115.3558,-3.7428],[115.3544,-3.7392],[115.349,-3.734],[115.3403,-3.7285],[115.3286,-3.7244],[115.3133,-3.7158],[115.2961,-3.7028],[115.2894,-3.6956],[115.2822,-3.6834],[115.2724,-3.6644],[115.2632,-3.6406],[115.2606,-3.6308],[115.2583,-3.6131],[115.2576,-3.5948],[115.2607,-3.5624],[115.2671,-3.5601],[115.274,-3.5542],[115.2783,-3.5488],[115.2865,-3.5352],[115.2976,-3.5226],[115.3158,-3.5089],[115.3358,-3.5055],[115.3494,-3.5044],[115.3562,-3.4998],[115.3732,-3.4825],[115.3803,-3.4772]]]}},{"type":"Feature","properties":{"nama_kec":"Bati-Bati","kab_id":"tala","kab_name":"Kab. Tanah Laut","kab_label_asli":"Kab. Barito Kuala","kab_dikoreksi":true,"cx":114.7766,"cy":-3.591,"ndmi_arsip":-0.178,"lst_arsip":37.3,"peat_pct":61},"geometry":{"type":"Polygon","coordinates":[[[114.6772,-3.5188],[114.7143,-3.5109],[114.7338,-3.5111],[114.7371,-3.5105],[114.7453,-3.5133],[114.7479,-3.512],[114.7567,-3.5167],[114.7598,-3.5162],[114.7612,-3.5173],[114.763,-3.5169],[114.766,-3.52],[114.7719,-3.5226],[114.7755,-3.523],[114.7834,-3.5255],[114.7929,-3.5249],[114.8008,-3.5235],[114.8081,-3.5241],[114.8105,-3.5266],[114.8102,-3.5331],[114.8113,-3.5395],[114.8122,-3.541],[114.8174,-3.543],[114.823,-3.5476],[114.827,-3.5481],[114.8278,-3.5494],[114.8363,-3.5508],[114.8383,-3.5523],[114.8394,-3.5518],[114.8403,-3.5533],[114.8411,-3.5535],[114.844,-3.5513],[114.8465,-3.5514],[114.8473,-3.5547],[114.8467,-3.556],[114.8447,-3.5573],[114.8444,-3.5593],[114.8483,-3.5571],[114.8498,-3.559],[114.8531,-3.5579],[114.8576,-3.5602],[114.8581,-3.562],[114.8558,-3.5684],[114.8594,-3.5701],[114.8609,-3.569],[114.8623,-3.5656],[114.8638,-3.5654],[114.8651,-3.5641],[114.8656,-3.5586],[114.8681,-3.557],[114.869,-3.5548],[114.8716,-3.5543],[114.8731,-3.5552],[114.8751,-3.5536],[114.877,-3.5533],[114.8774,-3.5547],[114.8798,-3.5556],[114.8811,-3.5578],[114.8823,-3.5528],[114.8851,-3.5468],[114.8877,-3.5474],[114.8886,-3.5453],[114.8907,-3.5463],[114.893,-3.5459],[114.8935,-3.5447],[114.8965,-3.5437],[114.8988,-3.5435],[114.9008,-3.5444],[114.9065,-3.5412],[114.9087,-3.5418],[114.9092,-3.5535],[114.9076,-3.5618],[114.9158,-3.5754],[114.9277,-3.6001],[114.933,-3.6086],[114.9348,-3.6126],[114.9347,-3.6146],[114.934,-3.6161],[114.9294,-3.6199],[114.9217,-3.6226],[114.9152,-3.6215],[114.9074,-3.6223],[114.897,-3.6217],[114.8887,-3.6224],[114.8816,-3.6254],[114.8623,-3.6366],[114.8597,-3.6363],[114.8579,-3.6341],[114.8555,-3.6328],[114.8531,-3.633],[114.8484,-3.6385],[114.8347,-3.6481],[114.8304,-3.6472],[114.8211,-3.6508],[114.804,-3.6642],[114.7939,-3.6681],[114.7813,-3.6752],[114.773,-3.681],[114.7616,-3.6858],[114.7377,-3.724],[114.7164,-3.7344],[114.6972,-3.7412],[114.6726,-3.7388],[114.6745,-3.7373],[114.6749,-3.7347],[114.6741,-3.7336],[114.6706,-3.733],[114.6684,-3.7313],[114.6687,-3.7291],[114.6814,-3.7224],[114.6824,-3.7207],[114.6798,-3.7113],[114.6767,-3.7073],[114.6733,-3.7061],[114.6728,-3.7052],[114.674,-3.6948],[114.6733,-3.6926],[114.6761,-3.6835],[114.6737,-3.6649],[114.676,-3.6599],[114.6774,-3.6592],[114.6772,-3.6552],[114.6744,-3.6529],[114.6746,-3.6501],[114.6732,-3.6484],[114.6678,-3.6489],[114.6653,-3.6462],[114.6626,-3.6452],[114.6601,-3.6406],[114.6558,-3.6405],[114.6554,-3.6395],[114.6606,-3.6292],[114.6662,-3.6102],[114.6688,-3.6059],[114.6685,-3.6025],[114.664,-3.5978],[114.6641,-3.5943],[114.6725,-3.5766],[114.6738,-3.5748],[114.6791,-3.5738],[114.6805,-3.5713],[114.6804,-3.5698],[114.6826,-3.571],[114.6821,-3.5727],[114.6854,-3.5745],[114.6891,-3.573],[114.6916,-3.5675],[114.6894,-3.5668],[114.6913,-3.5628],[114.6957,-3.5651],[114.6959,-3.5619],[114.695,-3.5612],[114.6945,-3.5537],[114.6914,-3.5539],[114.6879,-3.558],[114.6856,-3.5583],[114.6821,-3.5533],[114.6872,-3.551],[114.6869,-3.5476],[114.6841,-3.5457],[114.6829,-3.5435],[114.6852,-3.541],[114.6881,-3.5403],[114.6893,-3.5379],[114.689,-3.5359],[114.6912,-3.532],[114.6891,-3.5295],[114.6801,-3.5255],[114.6772,-3.5188]]]}},{"type":"Feature","properties":{"nama_kec":"Kurau","kab_id":"tala","kab_name":"Kab. Tanah Laut","kab_label_asli":"Kab. Tanah Laut","kab_dikoreksi":false,"cx":114.6399,"cy":-3.6118,"ndmi_arsip":-0.076,"lst_arsip":40.3,"peat_pct":37},"geometry":{"type":"Polygon","coordinates":[[[114.6619,-3.5219],[114.6772,-3.5188],[114.6801,-3.5255],[114.6891,-3.5295],[114.6908,-3.5312],[114.6911,-3.533],[114.6897,-3.5343],[114.6893,-3.5379],[114.6881,-3.5403],[114.6852,-3.541],[114.6829,-3.5435],[114.6841,-3.5457],[114.6869,-3.5476],[114.6872,-3.551],[114.6821,-3.5533],[114.6856,-3.5583],[114.6879,-3.558],[114.6914,-3.5539],[114.6945,-3.5537],[114.695,-3.5612],[114.6959,-3.5619],[114.6957,-3.5651],[114.6913,-3.5628],[114.6894,-3.5668],[114.6916,-3.5675],[114.6891,-3.573],[114.6854,-3.5745],[114.6821,-3.5727],[114.6826,-3.571],[114.6804,-3.5698],[114.6805,-3.5713],[114.6791,-3.5738],[114.6738,-3.5748],[114.6725,-3.5766],[114.6641,-3.5943],[114.664,-3.5978],[114.6685,-3.6025],[114.6688,-3.6059],[114.6662,-3.6102],[114.6606,-3.6292],[114.6554,-3.6395],[114.6558,-3.6405],[114.6601,-3.6406],[114.6626,-3.6452],[114.6653,-3.6462],[114.6678,-3.6489],[114.6732,-3.6484],[114.6746,-3.6501],[114.6744,-3.6529],[114.6772,-3.6552],[114.6774,-3.6592],[114.676,-3.6599],[114.6737,-3.6649],[114.6761,-3.6835],[114.6733,-3.6926],[114.674,-3.6948],[114.6728,-3.7052],[114.6733,-3.7061],[114.6767,-3.7073],[114.6798,-3.7113],[114.6824,-3.7207],[114.6814,-3.7224],[114.6687,-3.7291],[114.6684,-3.7313],[114.6706,-3.733],[114.6741,-3.7336],[114.6749,-3.7347],[114.6745,-3.7373],[114.6726,-3.7388],[114.6269,-3.7343],[114.6201,-3.731],[114.6184,-3.7265],[114.6201,-3.7234],[114.6208,-3.7171],[114.6226,-3.7115],[114.6218,-3.706],[114.6228,-3.7037],[114.6229,-3.6969],[114.6202,-3.6754],[114.6202,-3.6738],[114.6212,-3.6736],[114.6189,-3.6694],[114.616,-3.6571],[114.612,-3.6454],[114.6126,-3.6443],[114.6115,-3.6433],[114.6037,-3.6244],[114.5888,-3.5972],[114.5838,-3.5901],[114.5794,-3.5848],[114.5757,-3.5818],[114.5729,-3.5775],[114.5616,-3.5672],[114.5604,-3.5624],[114.5577,-3.56],[114.5569,-3.5582],[114.56,-3.5537],[114.5571,-3.5562],[114.5538,-3.5524],[114.5561,-3.5551],[114.5565,-3.5569],[114.5554,-3.5579],[114.5535,-3.5573],[114.5523,-3.5583],[114.5499,-3.5582],[114.5417,-3.5529],[114.5363,-3.5519],[114.5311,-3.5491],[114.5221,-3.5475],[114.5156,-3.545],[114.509,-3.5447],[114.5247,-3.5414],[114.5869,-3.5323],[114.6105,-3.5326],[114.6619,-3.5219]]]}},{"type":"Feature","properties":{"nama_kec":"Kintap","kab_id":"tala","kab_name":"Kab. Tanah Laut","kab_label_asli":"Kab. Tanah Laut","kab_dikoreksi":false,"cx":115.2524,"cy":-3.7571,"ndmi_arsip":-0.21,"lst_arsip":35.8,"peat_pct":30},"geometry":{"type":"Polygon","coordinates":[[[115.0801,-3.6821],[115.0838,-3.6768],[115.0907,-3.6723],[115.095,-3.6607],[115.0979,-3.6565],[115.1005,-3.6539],[115.1051,-3.6529],[115.1068,-3.6513],[115.1048,-3.6466],[115.1092,-3.6425],[115.1113,-3.6385],[115.1132,-3.6375],[115.1203,-3.6409],[115.1219,-3.6407],[115.1336,-3.6332],[115.1376,-3.634],[115.1404,-3.6333],[115.1445,-3.6287],[115.1511,-3.6287],[115.1598,-3.627],[115.1628,-3.6254],[115.1664,-3.6198],[115.1685,-3.618],[115.1739,-3.6164],[115.1806,-3.6112],[115.187,-3.6081],[115.1935,-3.6067],[115.1967,-3.6047],[115.1992,-3.6045],[115.2011,-3.6064],[115.204,-3.607],[115.2155,-3.6044],[115.2207,-3.6008],[115.2256,-3.599],[115.2283,-3.5971],[115.2338,-3.5876],[115.2347,-3.5855],[115.2342,-3.5817],[115.236,-3.5782],[115.2447,-3.5716],[115.2467,-3.571],[115.2518,-3.5662],[115.2607,-3.562],[115.2576,-3.5948],[115.258,-3.6095],[115.2606,-3.6308],[115.2671,-3.6512],[115.2724,-3.6644],[115.2799,-3.6793],[115.2894,-3.6956],[115.294,-3.7008],[115.3133,-3.7158],[115.3286,-3.7244],[115.3403,-3.7285],[115.349,-3.734],[115.3544,-3.7392],[115.3558,-3.7428],[115.3559,-3.7698],[115.3585,-3.7773],[115.3577,-3.786],[115.3564,-3.7872],[115.3564,-3.7885],[115.3566,-3.7897],[115.3584,-3.7909],[115.357,-3.7939],[115.3583,-3.7957],[115.3569,-3.7995],[115.3573,-3.8018],[115.353,-3.8054],[115.3538,-3.8093],[115.3533,-3.8104],[115.3546,-3.8127],[115.3559,-3.8123],[115.3608,-3.8149],[115.3628,-3.8148],[115.367,-3.8174],[115.3689,-3.8207],[115.3697,-3.8226],[115.3686,-3.8257],[115.3711,-3.8285],[115.3722,-3.8337],[115.3706,-3.8393],[115.3718,-3.8413],[115.3695,-3.8442],[115.3686,-3.8472],[115.3662,-3.8485],[115.3667,-3.8507],[115.3681,-3.8502],[115.3684,-3.851],[115.3672,-3.8512],[115.3661,-3.8527],[115.3664,-3.8539],[115.3682,-3.8549],[115.3716,-3.8549],[115.3717,-3.8529],[115.3768,-3.8557],[115.3767,-3.8588],[115.3738,-3.8613],[115.3738,-3.8632],[115.3691,-3.8644],[115.3651,-3.8666],[115.3531,-3.8699],[115.3405,-3.8756],[115.3304,-3.8784],[115.3293,-3.8797],[115.3233,-3.8819],[115.3164,-3.8837],[115.3146,-3.8847],[115.3168,-3.8842],[115.3158,-3.885],[115.2944,-3.8929],[115.2878,-3.8963],[115.259,-3.9077],[115.2565,-3.9061],[115.2538,-3.9065],[115.2508,-3.9096],[115.2508,-3.9127],[115.247,-3.916],[115.2411,-3.9163],[115.2375,-3.9181],[115.2199,-3.9233],[115.2148,-3.926],[115.188,-3.937],[115.1566,-3.9522],[115.134,-3.909],[115.1238,-3.9018],[115.1132,-3.886],[115.1129,-3.8809],[115.1055,-3.8634],[115.1048,-3.8601],[115.1038,-3.7923],[115.101,-3.7584],[115.1041,-3.7457],[115.1021,-3.7368],[115.099,-3.7303],[115.0941,-3.7259],[115.0776,-3.718],[115.0744,-3.713],[115.0769,-3.6925],[115.0801,-3.6821]]]}},{"type":"Feature","properties":{"nama_kec":"Pulau Sebuku","kab_id":"kotabaru","kab_name":"Kab. Kotabaru","kab_label_asli":"Kab. Kotabaru","kab_dikoreksi":false,"cx":116.3399,"cy":-3.605,"ndmi_arsip":-0.152,"lst_arsip":35.7,"peat_pct":4},"geometry":{"type":"Polygon","coordinates":[[[116.3398,-3.6183],[116.3368,-3.6173],[116.335,-3.6145],[116.3353,-3.6068],[116.3341,-3.6011],[116.3342,-3.5947],[116.3326,-3.5926],[116.3328,-3.5913],[116.3356,-3.5935],[116.3454,-3.5969],[116.3489,-3.5996],[116.3508,-3.6024],[116.3503,-3.6043],[116.345,-3.611],[116.3426,-3.6169],[116.3398,-3.6183]]]}},{"type":"Feature","properties":{"nama_kec":"Danau Panggang","kab_id":"tala","kab_name":"Kab. Tanah Laut","kab_label_asli":"Kab. Tanah Laut","kab_dikoreksi":false,"cx":114.8328,"cy":-3.7841,"ndmi_arsip":-0.222,"lst_arsip":35.4,"peat_pct":24},"geometry":{"type":"Polygon","coordinates":[[[114.9302,-3.6194],[114.932,-3.6233],[114.9509,-3.6244],[114.957,-3.6262],[114.9625,-3.6323],[114.9632,-3.6371],[114.9614,-3.6485],[114.9603,-3.6509],[114.952,-3.6585],[114.9464,-3.6684],[114.9434,-3.6794],[114.9373,-3.6927],[114.9327,-3.6989],[114.9268,-3.7043],[114.9272,-3.706],[114.9305,-3.7102],[114.9305,-3.7122],[114.9249,-3.7154],[114.9236,-3.7218],[114.9249,-3.7244],[114.9292,-3.7259],[114.931,-3.7282],[114.9311,-3.7299],[114.9293,-3.7332],[114.9242,-3.739],[114.917,-3.7498],[114.9109,-3.7553],[114.9056,-3.7572],[114.8969,-3.7586],[114.8941,-3.7602],[114.892,-3.7627],[114.8916,-3.7671],[114.8946,-3.7788],[114.8982,-3.7829],[114.903,-3.786],[114.91,-3.7966],[114.9162,-3.8026],[114.9166,-3.8053],[114.9159,-3.8071],[114.9078,-3.8148],[114.899,-3.8216],[114.8935,-3.8233],[114.8759,-3.8261],[114.873,-3.8274],[114.8608,-3.8381],[114.8581,-3.8435],[114.8557,-3.8514],[114.8455,-3.8657],[114.8411,-3.8699],[114.8341,-3.8725],[114.8299,-3.8756],[114.8305,-3.8797],[114.8314,-3.8801],[114.8293,-3.8815],[114.8284,-3.8802],[114.8279,-3.8804],[114.8278,-3.8815],[114.8296,-3.884],[114.828,-3.8831],[114.828,-3.8843],[114.8269,-3.8852],[114.8269,-3.8876],[114.825,-3.8881],[114.8246,-3.8893],[114.8265,-3.89],[114.8256,-3.891],[114.8235,-3.8911],[114.822,-3.8896],[114.8208,-3.8901],[114.8185,-3.8887],[114.8162,-3.889],[114.8143,-3.888],[114.8129,-3.8882],[114.8128,-3.8892],[114.809,-3.888],[114.8082,-3.887],[114.8064,-3.8884],[114.8023,-3.888],[114.7994,-3.89],[114.7945,-3.8912],[114.7941,-3.892],[114.7888,-3.8927],[114.7874,-3.8902],[114.7856,-3.8904],[114.7848,-3.8892],[114.7808,-3.8879],[114.7633,-3.8971],[114.7494,-3.9017],[114.7385,-3.8982],[114.7174,-3.8945],[114.7058,-3.8891],[114.6988,-3.8816],[114.7047,-3.8762],[114.708,-3.871],[114.7086,-3.8619],[114.7102,-3.8554],[114.7112,-3.8532],[114.7182,-3.8451],[114.7196,-3.8411],[114.7186,-3.8381],[114.7112,-3.827],[114.7045,-3.8189],[114.7028,-3.8172],[114.6927,-3.8133],[114.6909,-3.8116],[114.6892,-3.8023],[114.679,-3.7847],[114.6749,-3.7724],[114.6698,-3.748],[114.6717,-3.7447],[114.6715,-3.7418],[114.6726,-3.7388],[114.6972,-3.7412],[114.7164,-3.7344],[114.7377,-3.724],[114.7616,-3.6858],[114.773,-3.681],[114.7813,-3.6752],[114.7939,-3.6681],[114.804,-3.6642],[114.8211,-3.6508],[114.8304,-3.6472],[114.8347,-3.6481],[114.8484,-3.6385],[114.8531,-3.633],[114.8555,-3.6328],[114.8579,-3.6341],[114.8597,-3.6363],[114.8623,-3.6366],[114.8834,-3.6244],[114.8904,-3.6219],[114.904,-3.6224],[114.9152,-3.6215],[114.9217,-3.6226],[114.9302,-3.6194]]]}},{"type":"Feature","properties":{"nama_kec":"Pulau Laut Barat","kab_id":"kotabaru","kab_name":"Kab. Kotabaru","kab_label_asli":"Kab. Tanah Bumbu","kab_dikoreksi":true,"cx":116.0981,"cy":-3.8339,"ndmi_arsip":-0.156,"lst_arsip":41.6,"peat_pct":42},"geometry":{"type":"Polygon","coordinates":[[[116.009,-3.647],[116.0423,-3.6547],[116.1391,-3.6818],[116.1395,-3.69],[116.1429,-3.7034],[116.147,-3.7148],[116.1622,-3.7498],[116.1643,-3.7844],[116.1636,-3.8472],[116.1287,-3.9997],[116.123,-4.0276],[116.1215,-4.0274],[116.1193,-4.0301],[116.1167,-4.0302],[116.1162,-4.0325],[116.1193,-4.0371],[116.1186,-4.0378],[116.117,-4.0367],[116.1169,-4.0401],[116.1154,-4.0394],[116.1137,-4.0356],[116.111,-4.0348],[116.1093,-4.0372],[116.1078,-4.0367],[116.1081,-4.0441],[116.1031,-4.0512],[116.1009,-4.0529],[116.0995,-4.0571],[116.0994,-4.0593],[116.1017,-4.062],[116.0981,-4.0702],[116.0986,-4.0762],[116.0955,-4.0816],[116.0915,-4.0824],[116.0915,-4.0865],[116.0894,-4.0838],[116.0881,-4.0802],[116.0896,-4.0792],[116.0905,-4.0757],[116.0934,-4.0762],[116.0945,-4.0756],[116.0953,-4.0721],[116.0949,-4.0705],[116.0932,-4.0696],[116.0917,-4.0713],[116.0898,-4.0716],[116.0885,-4.0694],[116.0849,-4.0725],[116.0836,-4.072],[116.0837,-4.0709],[116.0852,-4.0694],[116.0853,-4.0667],[116.0876,-4.0667],[116.0881,-4.0642],[116.0901,-4.0651],[116.0919,-4.0643],[116.0926,-4.0619],[116.0947,-4.0605],[116.0979,-4.0557],[116.0966,-4.0554],[116.0948,-4.0568],[116.091,-4.0564],[116.0921,-4.0541],[116.0893,-4.0528],[116.0864,-4.0576],[116.0855,-4.0577],[116.085,-4.0564],[116.0868,-4.0537],[116.0872,-4.0502],[116.0841,-4.0526],[116.0839,-4.0514],[116.0827,-4.0509],[116.0824,-4.0486],[116.0815,-4.0483],[116.0805,-4.0492],[116.0806,-4.0514],[116.0799,-4.0526],[116.0792,-4.0495],[116.078,-4.0499],[116.0768,-4.0491],[116.0749,-4.0498],[116.0726,-4.0486],[116.0731,-4.0438],[116.0718,-4.0399],[116.0702,-4.0388],[116.0699,-4.0375],[116.072,-4.0343],[116.0714,-4.0342],[116.0686,-4.0367],[116.0622,-4.0386],[116.0559,-4.0427],[116.0547,-4.054],[116.05,-4.0621],[116.0487,-4.0621],[116.0488,-4.0598],[116.0515,-4.0545],[116.0506,-4.0422],[116.0494,-4.0398],[116.0502,-4.0365],[116.0467,-4.0297],[116.0439,-4.0267],[116.0411,-4.0256],[116.0394,-4.0229],[116.0411,-4.0168],[116.0424,-4.0151],[116.0443,-4.0149],[116.0441,-4.0111],[116.0457,-4.0109],[116.0461,-4.0116],[116.0462,-4.0178],[116.0489,-4.0181],[116.0503,-4.0168],[116.0536,-4.0098],[116.0558,-4.0088],[116.0558,-4.0059],[116.0569,-4.0045],[116.0556,-4.0021],[116.0542,-4.0011],[116.055,-3.9957],[116.0533,-3.9925],[116.0506,-3.9929],[116.0507,-3.9902],[116.0542,-3.9864],[116.0571,-3.981],[116.0589,-3.9792],[116.0611,-3.9712],[116.0649,-3.9668],[116.0646,-3.9645],[116.0654,-3.9637],[116.0657,-3.9598],[116.0642,-3.9572],[116.0652,-3.9557],[116.0668,-3.9559],[116.0652,-3.9536],[116.0687,-3.9375],[116.0703,-3.9373],[116.0716,-3.9387],[116.0728,-3.9376],[116.0749,-3.94],[116.0772,-3.9401],[116.0796,-3.9382],[116.082,-3.9379],[116.0826,-3.9344],[116.0855,-3.9331],[116.0884,-3.935],[116.0905,-3.9351],[116.0919,-3.9372],[116.0936,-3.9383],[116.0947,-3.9373],[116.0962,-3.9375],[116.0973,-3.9358],[116.0986,-3.9373],[116.1012,-3.9378],[116.1014,-3.9386],[116.0993,-3.9388],[116.0993,-3.94],[116.1033,-3.9407],[116.1043,-3.9423],[116.1031,-3.9431],[116.104,-3.9452],[116.1037,-3.9464],[116.1016,-3.9465],[116.1041,-3.9469],[116.1045,-3.9459],[116.1034,-3.9434],[116.1051,-3.9431],[116.1036,-3.9402],[116.0997,-3.9395],[116.1022,-3.9385],[116.1011,-3.9373],[116.0985,-3.9367],[116.0981,-3.9355],[116.0968,-3.9354],[116.0962,-3.9368],[116.0933,-3.9376],[116.0915,-3.9361],[116.0909,-3.9344],[116.0883,-3.9343],[116.0853,-3.9323],[116.0835,-3.9326],[116.0815,-3.9346],[116.0823,-3.9363],[116.0817,-3.9374],[116.079,-3.938],[116.0767,-3.9397],[116.0752,-3.9394],[116.0739,-3.9367],[116.0768,-3.9342],[116.0782,-3.93],[116.0794,-3.9245],[116.0779,-3.9207],[116.0795,-3.9179],[116.0779,-3.9178],[116.0768,-3.9169],[116.0745,-3.91],[116.0733,-3.91],[116.0731,-3.9083],[116.0723,-3.909],[116.0714,-3.9085],[116.0701,-3.9066],[116.069,-3.9065],[116.0689,-3.9056],[116.0679,-3.9059],[116.0668,-3.9048],[116.0652,-3.9051],[116.0656,-3.9041],[116.0644,-3.9036],[116.0629,-3.9054],[116.0608,-3.9058],[116.06,-3.9071],[116.0577,-3.9059],[116.0575,-3.9038],[116.0606,-3.9014],[116.0623,-3.8985],[116.0652,-3.8958],[116.0643,-3.8913],[116.0648,-3.8858],[116.0672,-3.88],[116.0675,-3.876],[116.0643,-3.8762],[116.0615,-3.8738],[116.06,-3.8739],[116.0608,-3.8729],[116.0616,-3.8685],[116.0645,-3.8632],[116.0646,-3.8618],[116.063,-3.8601],[116.0635,-3.8586],[116.062,-3.8585],[116.0643,-3.8578],[116.0656,-3.8562],[116.0649,-3.8556],[116.0658,-3.8538],[116.0637,-3.853],[116.0629,-3.849],[116.0653,-3.8473],[116.0662,-3.8487],[116.0673,-3.8483],[116.0697,-3.8491],[116.0717,-3.848],[116.0727,-3.8489],[116.0761,-3.8497],[116.0756,-3.8515],[116.0767,-3.8522],[116.0762,-3.8507],[116.0771,-3.8495],[116.0747,-3.8487],[116.0744,-3.8479],[116.0774,-3.8454],[116.0776,-3.8425],[116.0789,-3.8413],[116.0789,-3.8399],[116.0771,-3.8386],[116.0769,-3.8372],[116.0803,-3.8363],[116.0821,-3.8343],[116.0806,-3.8195],[116.0791,-3.8164],[116.0782,-3.8117],[116.0722,-3.7992],[116.072,-3.7976],[116.0737,-3.7955],[116.072,-3.7957],[116.0691,-3.792],[116.0658,-3.7848],[116.0644,-3.7836],[116.0629,-3.7785],[116.0534,-3.7638],[116.0539,-3.761],[116.0511,-3.7608],[116.0459,-3.7555],[116.0415,-3.7498],[116.0314,-3.74],[116.0313,-3.7382],[116.03,-3.736],[116.0243,-3.7298],[116.0256,-3.7275],[116.0258,-3.7222],[116.0244,-3.7204],[116.0217,-3.7083],[116.0203,-3.708],[116.0187,-3.7064],[116.0165,-3.7067],[116.0149,-3.702],[116.0158,-3.6982],[116.0129,-3.695],[116.014,-3.6909],[116.0104,-3.6859],[116.0058,-3.6824],[116.007,-3.681],[116.0089,-3.6738],[116.0117,-3.6726],[116.0091,-3.6708],[116.0076,-3.6669],[116.0083,-3.6618],[116.0123,-3.6545],[116.0118,-3.6518],[116.009,-3.647]]]}},{"type":"Feature","properties":{"nama_kec":"Jorong","kab_id":"tala","kab_name":"Kab. Tanah Laut","kab_label_asli":"Kab. Tanah Laut","kab_dikoreksi":false,"cx":114.8957,"cy":-3.9154,"ndmi_arsip":-0.106,"lst_arsip":39.3,"peat_pct":22},"geometry":{"type":"Polygon","coordinates":[[[114.9312,-3.7287],[114.9391,-3.7276],[114.9462,-3.7255],[114.9504,-3.7264],[114.9627,-3.7181],[114.9662,-3.7169],[114.9695,-3.7172],[114.9732,-3.716],[114.992,-3.7013],[115.0087,-3.7001],[115.0143,-3.6985],[115.025,-3.6934],[115.0272,-3.6931],[115.0287,-3.6938],[115.0297,-3.6955],[115.0316,-3.7023],[115.0366,-3.7036],[115.0423,-3.7017],[115.0498,-3.6967],[115.0553,-3.691],[115.0598,-3.6901],[115.062,-3.6886],[115.0672,-3.6819],[115.0701,-3.6798],[115.0801,-3.6821],[115.0769,-3.6925],[115.0744,-3.713],[115.0776,-3.718],[115.0941,-3.7259],[115.099,-3.7303],[115.1021,-3.7368],[115.1041,-3.7457],[115.101,-3.7584],[115.1038,-3.7923],[115.1048,-3.8601],[115.1055,-3.8634],[115.1129,-3.8809],[115.1132,-3.886],[115.1238,-3.9018],[115.134,-3.909],[115.1566,-3.9522],[115.1425,-3.958],[115.129,-3.9655],[115.1252,-3.9666],[115.1247,-3.9658],[115.1216,-3.9694],[115.0928,-3.9766],[115.0854,-3.9802],[115.0585,-3.9897],[115.0273,-4.0034],[115.0193,-4.006],[115.0193,-4.0073],[115.0133,-4.0099],[114.9944,-4.0206],[114.9887,-4.0225],[114.9866,-4.0242],[114.9899,-4.0226],[114.9915,-4.0227],[114.9877,-4.0253],[114.9441,-4.0482],[114.9308,-4.057],[114.9008,-4.0707],[114.8935,-4.0747],[114.8846,-4.0781],[114.8789,-4.0816],[114.8587,-4.0909],[114.8424,-4.1003],[114.8387,-4.1006],[114.8354,-4.1032],[114.7948,-4.1236],[114.7837,-4.1304],[114.779,-4.1317],[114.7712,-4.1359],[114.7703,-4.1342],[114.769,-4.1348],[114.7689,-4.1337],[114.7677,-4.1331],[114.7665,-4.1338],[114.7681,-4.1321],[114.7651,-4.1308],[114.7658,-4.1297],[114.764,-4.1249],[114.766,-4.1204],[114.7647,-4.1193],[114.7639,-4.1164],[114.7621,-4.1174],[114.7621,-4.1139],[114.76,-4.1079],[114.7574,-4.1065],[114.7551,-4.0991],[114.7529,-4.0951],[114.7512,-4.0945],[114.7496,-4.0923],[114.7484,-4.0926],[114.7474,-4.0911],[114.7493,-4.0866],[114.7472,-4.0851],[114.7489,-4.0847],[114.7486,-4.0832],[114.7499,-4.0809],[114.7489,-4.0799],[114.7488,-4.0783],[114.7499,-4.0777],[114.75,-4.0759],[114.748,-4.0723],[114.7479,-4.0703],[114.7507,-4.0638],[114.7501,-4.0609],[114.7504,-4.056],[114.7573,-4.0408],[114.7583,-4.022],[114.7622,-4.0159],[114.7749,-4.0062],[114.7796,-4.0014],[114.7868,-3.9494],[114.7879,-3.9057],[114.7892,-3.897],[114.7913,-3.8937],[114.7945,-3.8912],[114.7994,-3.89],[114.8023,-3.888],[114.8064,-3.8884],[114.8082,-3.887],[114.809,-3.888],[114.8128,-3.8892],[114.8129,-3.8882],[114.8143,-3.888],[114.8162,-3.889],[114.8185,-3.8887],[114.8208,-3.8901],[114.822,-3.8896],[114.8235,-3.8911],[114.8264,-3.8906],[114.8264,-3.8896],[114.8246,-3.8893],[114.825,-3.8881],[114.8269,-3.8876],[114.8269,-3.8852],[114.828,-3.8843],[114.828,-3.8831],[114.8296,-3.884],[114.8278,-3.8815],[114.8279,-3.8804],[114.8284,-3.8802],[114.8293,-3.8815],[114.8314,-3.8801],[114.8305,-3.8797],[114.8299,-3.8756],[114.8341,-3.8725],[114.8411,-3.8699],[114.8455,-3.8657],[114.8557,-3.8514],[114.8581,-3.8435],[114.8608,-3.8381],[114.873,-3.8274],[114.8759,-3.8261],[114.8935,-3.8233],[114.899,-3.8216],[114.9078,-3.8148],[114.9159,-3.8071],[114.9166,-3.8053],[114.9162,-3.8026],[114.91,-3.7966],[114.903,-3.786],[114.8982,-3.7829],[114.8946,-3.7788],[114.8916,-3.7671],[114.892,-3.7627],[114.8941,-3.7602],[114.8969,-3.7586],[114.909,-3.7563],[114.9154,-3.7516],[114.9242,-3.739],[114.9293,-3.7332],[114.9312,-3.7287]]]}},{"type":"Feature","properties":{"nama_kec":"Pulau Laut Selatan","kab_id":"kotabaru","kab_name":"Kab. Kotabaru","kab_label_asli":"Kab. Kotabaru","kab_dikoreksi":false,"cx":116.256,"cy":-3.8751,"ndmi_arsip":-0.074,"lst_arsip":38.3,"peat_pct":3},"geometry":{"type":"Polygon","coordinates":[[[116.2902,-3.7279],[116.2927,-3.7259],[116.2946,-3.7258],[116.2949,-3.7248],[116.2935,-3.7231],[116.2941,-3.722],[116.2968,-3.7225],[116.2966,-3.7245],[116.2973,-3.7253],[116.2986,-3.7221],[116.301,-3.7243],[116.3031,-3.7227],[116.3064,-3.7215],[116.3073,-3.7226],[116.3113,-3.7237],[116.3149,-3.7285],[116.3211,-3.7281],[116.3229,-3.7273],[116.3262,-3.7275],[116.3311,-3.7246],[116.3368,-3.7256],[116.3393,-3.728],[116.3377,-3.7306],[116.3361,-3.7311],[116.3357,-3.7337],[116.3344,-3.7355],[116.335,-3.7365],[116.3331,-3.7395],[116.3285,-3.7409],[116.3245,-3.7482],[116.3199,-3.7614],[116.3169,-3.7668],[116.3163,-3.7731],[116.3126,-3.7772],[116.3069,-3.7813],[116.3035,-3.7811],[116.3022,-3.7829],[116.3004,-3.7833],[116.2977,-3.7859],[116.294,-3.7842],[116.2912,-3.7885],[116.2883,-3.7896],[116.2897,-3.7907],[116.2898,-3.7917],[116.2858,-3.7974],[116.2817,-3.7963],[116.2775,-3.7975],[116.276,-3.8037],[116.274,-3.8075],[116.2762,-3.8121],[116.2758,-3.8132],[116.274,-3.8131],[116.2723,-3.8166],[116.2736,-3.8181],[116.2725,-3.8211],[116.2742,-3.8226],[116.2759,-3.8281],[116.2854,-3.8388],[116.2864,-3.8424],[116.2884,-3.842],[116.2904,-3.8427],[116.2923,-3.844],[116.2922,-3.8453],[116.2988,-3.8484],[116.2949,-3.8554],[116.2944,-3.8579],[116.2955,-3.8602],[116.2952,-3.8631],[116.2974,-3.8648],[116.2999,-3.8652],[116.2999,-3.8666],[116.3061,-3.8685],[116.3078,-3.8676],[116.3105,-3.8677],[116.3154,-3.8623],[116.3171,-3.8629],[116.3174,-3.8648],[116.3157,-3.8655],[116.3154,-3.868],[116.3142,-3.8695],[116.3149,-3.8716],[116.3111,-3.8717],[116.31,-3.8707],[116.3085,-3.8722],[116.3067,-3.8783],[116.3068,-3.8805],[116.3079,-3.8811],[116.3084,-3.8826],[116.3082,-3.8846],[116.3053,-3.8846],[116.3045,-3.8866],[116.3045,-3.8889],[116.306,-3.8912],[116.3053,-3.8939],[116.3063,-3.8965],[116.311,-3.901],[116.3117,-3.9082],[116.3106,-3.9136],[116.3109,-3.9166],[116.3019,-3.9179],[116.3002,-3.9175],[116.2977,-3.9194],[116.2949,-3.9182],[116.2904,-3.9191],[116.2892,-3.9179],[116.2899,-3.9157],[116.2891,-3.915],[116.2892,-3.9139],[116.2888,-3.9132],[116.2871,-3.9138],[116.287,-3.9109],[116.2859,-3.9093],[116.2815,-3.907],[116.2744,-3.9073],[116.2659,-3.9128],[116.2659,-3.9138],[116.2637,-3.9161],[116.2644,-3.9166],[116.2623,-3.9209],[116.2567,-3.9277],[116.2562,-3.929],[116.2567,-3.9312],[116.2558,-3.9333],[116.2533,-3.9341],[116.2438,-3.9427],[116.2431,-3.9427],[116.2431,-3.9401],[116.2384,-3.9428],[116.2324,-3.9417],[116.2318,-3.9401],[116.2309,-3.9399],[116.2282,-3.9364],[116.2279,-3.9337],[116.2286,-3.9334],[116.2273,-3.9332],[116.2277,-3.9375],[116.2294,-3.9386],[116.2311,-3.9415],[116.2275,-3.9446],[116.2272,-3.943],[116.2212,-3.9448],[116.2101,-3.952],[116.2072,-3.9521],[116.2079,-3.9531],[116.2075,-3.9546],[116.2033,-3.9602],[116.2033,-3.9617],[116.2051,-3.9626],[116.2042,-3.964],[116.2056,-3.9678],[116.2045,-3.9683],[116.2039,-3.9701],[116.2018,-3.9696],[116.201,-3.9704],[116.2033,-3.971],[116.2053,-3.9756],[116.2079,-3.9754],[116.2085,-3.9767],[116.2075,-3.9779],[116.2087,-3.9801],[116.2103,-3.9809],[116.2107,-3.9857],[116.2102,-3.986],[116.2082,-3.9846],[116.2061,-3.9846],[116.2044,-3.983],[116.1961,-3.9852],[116.1926,-3.9868],[116.1891,-3.9924],[116.1854,-3.9932],[116.1833,-3.9923],[116.1814,-3.9929],[116.18,-3.9941],[116.1799,-3.9962],[116.1723,-3.9984],[116.1698,-4.002],[116.1674,-4.0087],[116.1664,-4.0104],[116.162,-4.0135],[116.1568,-4.0233],[116.1526,-4.0255],[116.1508,-4.0281],[116.1502,-4.0312],[116.1463,-4.0337],[116.1448,-4.0358],[116.1417,-4.0363],[116.1371,-4.035],[116.1361,-4.0358],[116.1333,-4.0357],[116.1308,-4.0334],[116.1286,-4.0346],[116.1278,-4.0342],[116.1243,-4.0312],[116.1239,-4.0273],[116.123,-4.0276],[116.1287,-3.9997],[116.1636,-3.8472],[116.1643,-3.7844],[116.1622,-3.7498],[116.147,-3.7148],[116.1429,-3.7034],[116.1395,-3.69],[116.1391,-3.6818],[116.2548,-3.741],[116.2606,-3.741],[116.2724,-3.7377],[116.2743,-3.7363],[116.2787,-3.7298],[116.2816,-3.7293],[116.2874,-3.7299],[116.2902,-3.7279]]]}},{"type":"Feature","properties":{"nama_kec":"Takisung","kab_id":"tala","kab_name":"Kab. Tanah Laut","kab_label_asli":"Kab. Tanah Laut","kab_dikoreksi":false,"cx":114.6509,"cy":-3.9004,"ndmi_arsip":-0.168,"lst_arsip":37.2,"peat_pct":31},"geometry":{"type":"Polygon","coordinates":[[[114.6201,-3.731],[114.6269,-3.7343],[114.6726,-3.7388],[114.6715,-3.7418],[114.6717,-3.7447],[114.6698,-3.748],[114.6749,-3.7724],[114.679,-3.7847],[114.6892,-3.8023],[114.6909,-3.8116],[114.6927,-3.8133],[114.7028,-3.8172],[114.7045,-3.8189],[114.7112,-3.827],[114.7186,-3.8381],[114.7196,-3.8411],[114.7182,-3.8451],[114.7112,-3.8532],[114.7102,-3.8554],[114.7086,-3.8619],[114.7086,-3.8689],[114.707,-3.8729],[114.7047,-3.8762],[114.6906,-3.8897],[114.687,-3.8974],[114.6818,-3.9173],[114.6808,-3.9244],[114.6816,-3.9304],[114.6847,-3.9406],[114.6848,-3.9565],[114.679,-3.9813],[114.6755,-3.9912],[114.6738,-3.9987],[114.6723,-3.9996],[114.6333,-3.9995],[114.6291,-3.9756],[114.6291,-3.9704],[114.6303,-3.9687],[114.632,-3.9686],[114.6324,-3.9694],[114.6314,-3.9707],[114.6331,-3.9725],[114.6361,-3.9708],[114.637,-3.9691],[114.6396,-3.9717],[114.6377,-3.9718],[114.6371,-3.9738],[114.6383,-3.974],[114.6392,-3.973],[114.6392,-3.9753],[114.641,-3.9754],[114.6405,-3.9768],[114.64,-3.9757],[114.6378,-3.9766],[114.6378,-3.9774],[114.6398,-3.976],[114.6403,-3.9771],[114.6413,-3.9753],[114.6394,-3.9748],[114.6402,-3.9739],[114.6392,-3.9727],[114.6378,-3.9738],[114.6374,-3.9732],[114.638,-3.9722],[114.64,-3.9721],[114.6394,-3.9703],[114.6374,-3.9688],[114.6361,-3.9689],[114.6357,-3.9708],[114.6329,-3.9721],[114.6317,-3.9706],[114.6326,-3.9687],[114.6301,-3.9681],[114.6281,-3.9652],[114.6172,-3.9216],[114.6178,-3.9171],[114.6169,-3.9159],[114.61,-3.8867],[114.6107,-3.8796],[114.6091,-3.8676],[114.6111,-3.8654],[114.6111,-3.8633],[114.6048,-3.8301],[114.604,-3.808],[114.6066,-3.7909],[114.6077,-3.7675],[114.6108,-3.7401],[114.6134,-3.7361],[114.617,-3.7352],[114.6169,-3.7333],[114.6201,-3.731]]]}},{"type":"Feature","properties":{"nama_kec":"Panyipatan","kab_id":"tala","kab_name":"Kab. Tanah Laut","kab_label_asli":"Kab. Tanah Laut","kab_dikoreksi":false,"cx":114.7012,"cy":-4.0713,"ndmi_arsip":-0.244,"lst_arsip":34.7,"peat_pct":33},"geometry":{"type":"Polygon","coordinates":[[[114.6988,-3.8816],[114.7058,-3.8891],[114.7155,-3.8937],[114.7212,-3.8955],[114.7385,-3.8982],[114.7494,-3.9017],[114.7633,-3.8971],[114.7808,-3.8879],[114.7848,-3.8892],[114.7856,-3.8904],[114.7874,-3.8902],[114.7888,-3.8927],[114.7924,-3.8925],[114.7888,-3.898],[114.7865,-3.9425],[114.7868,-3.9494],[114.7796,-4.0014],[114.7749,-4.0062],[114.7622,-4.0159],[114.7583,-4.022],[114.7573,-4.0408],[114.7504,-4.056],[114.7501,-4.0609],[114.7507,-4.0638],[114.7479,-4.0703],[114.748,-4.0723],[114.75,-4.0759],[114.7499,-4.0777],[114.7488,-4.0783],[114.7489,-4.0799],[114.7499,-4.0809],[114.7486,-4.0832],[114.7489,-4.0847],[114.7472,-4.0851],[114.7493,-4.0866],[114.7474,-4.0911],[114.7484,-4.0926],[114.7496,-4.0923],[114.7512,-4.0945],[114.7529,-4.0951],[114.7542,-4.097],[114.7574,-4.1065],[114.7603,-4.1084],[114.7621,-4.1139],[114.7621,-4.1174],[114.7639,-4.1164],[114.7647,-4.1193],[114.766,-4.1204],[114.764,-4.1249],[114.7658,-4.1297],[114.7651,-4.1313],[114.7677,-4.1325],[114.7663,-4.1328],[114.7661,-4.1337],[114.7671,-4.1341],[114.7676,-4.1333],[114.7687,-4.134],[114.7685,-4.1351],[114.7701,-4.1345],[114.7714,-4.1363],[114.78,-4.1324],[114.7787,-4.1342],[114.7705,-4.1382],[114.7383,-4.1576],[114.7131,-4.1683],[114.7106,-4.1684],[114.7093,-4.1696],[114.6976,-4.1747],[114.6772,-4.1799],[114.6733,-4.18],[114.673,-4.1789],[114.6724,-4.1803],[114.6518,-4.1779],[114.6381,-4.175],[114.6327,-4.1726],[114.6249,-4.1678],[114.6208,-4.1621],[114.6218,-4.1599],[114.6217,-4.1622],[114.6238,-4.1603],[114.6225,-4.1597],[114.6235,-4.1596],[114.625,-4.1629],[114.6249,-4.1592],[114.6262,-4.1585],[114.6289,-4.1511],[114.6285,-4.1274],[114.6288,-4.1337],[114.6304,-4.1368],[114.6299,-4.1409],[114.6303,-4.1393],[114.6308,-4.14],[114.6313,-4.1283],[114.6307,-4.1273],[114.6315,-4.1215],[114.6313,-4.121],[114.6309,-4.1222],[114.6301,-4.1224],[114.6298,-4.1195],[114.6297,-4.1225],[114.6305,-4.1228],[114.6312,-4.122],[114.6305,-4.1237],[114.6303,-4.136],[114.629,-4.1329],[114.6294,-4.0972],[114.6277,-4.0778],[114.6291,-4.0773],[114.6297,-4.0753],[114.6287,-4.0769],[114.6279,-4.0769],[114.6274,-4.0721],[114.6243,-4.0662],[114.6294,-4.0635],[114.6321,-4.0645],[114.6353,-4.0623],[114.6388,-4.0495],[114.6381,-4.048],[114.6374,-4.027],[114.6333,-3.9995],[114.6723,-3.9996],[114.6738,-3.9987],[114.6755,-3.9912],[114.6809,-3.9745],[114.6848,-3.9565],[114.6847,-3.9406],[114.6816,-3.9304],[114.6808,-3.9244],[114.6818,-3.9173],[114.6885,-3.893],[114.6906,-3.8897],[114.6988,-3.8816]]]}},{"type":"Feature","properties":{"nama_kec":"Pulau Laut Selatan","kab_id":"kotabaru","kab_name":"Kab. Kotabaru","kab_label_asli":"Kab. Kotabaru","kab_dikoreksi":false,"cx":116.2077,"cy":-4.0327,"ndmi_arsip":-0.074,"lst_arsip":38.3,"peat_pct":3},"geometry":{"type":"Polygon","coordinates":[[[116.2074,-4.0389],[116.2074,-4.0372],[116.2066,-4.0365],[116.2039,-4.0369],[116.2042,-4.0345],[116.2008,-4.0338],[116.2009,-4.0305],[116.1981,-4.0274],[116.1982,-4.0254],[116.2007,-4.027],[116.2095,-4.0269],[116.2115,-4.0284],[116.2142,-4.0283],[116.215,-4.029],[116.216,-4.0309],[116.2153,-4.0328],[116.2122,-4.0333],[116.2104,-4.0326],[116.2107,-4.0352],[116.2094,-4.0363],[116.2096,-4.0378],[116.2074,-4.0389]]]}},{"type":"Feature","properties":{"nama_kec":"Pulau Laut Selatan","kab_id":"kotabaru","kab_name":"Kab. Kotabaru","kab_label_asli":"Kab. Kotabaru","kab_dikoreksi":false,"cx":116.1722,"cy":-4.0522,"ndmi_arsip":-0.074,"lst_arsip":38.3,"peat_pct":3},"geometry":{"type":"Polygon","coordinates":[[[116.1655,-4.0583],[116.1638,-4.0576],[116.1638,-4.0532],[116.1696,-4.0494],[116.1712,-4.0468],[116.1795,-4.0445],[116.1819,-4.0456],[116.1818,-4.0487],[116.1804,-4.0506],[116.1751,-4.0541],[116.1721,-4.0546],[116.1683,-4.0575],[116.1655,-4.0583]]]}},{"type":"Feature","properties":{"nama_kec":"Pulau Laut Barat","kab_id":"kotabaru","kab_name":"Kab. Kotabaru","kab_label_asli":"Kab. Kotabaru","kab_dikoreksi":false,"cx":116.0442,"cy":-4.0913,"ndmi_arsip":-0.026,"lst_arsip":39.9,"peat_pct":7},"geometry":{"type":"Polygon","coordinates":[[[116.0448,-4.099],[116.0429,-4.0979],[116.0426,-4.0964],[116.0429,-4.0954],[116.0445,-4.0946],[116.0442,-4.092],[116.0408,-4.089],[116.0408,-4.0868],[116.0428,-4.0843],[116.0415,-4.0778],[116.0472,-4.0766],[116.0496,-4.0899],[116.0467,-4.0932],[116.0468,-4.0979],[116.0448,-4.099]]]}},{"type":"Feature","properties":{"nama_kec":"Pulau Laut Selatan","kab_id":"kotabaru","kab_name":"Kab. Kotabaru","kab_label_asli":"Kab. Kotabaru","kab_dikoreksi":false,"cx":116.2096,"cy":-4.0956,"ndmi_arsip":-0.074,"lst_arsip":38.3,"peat_pct":3},"geometry":{"type":"Polygon","coordinates":[[[116.2077,-4.1027],[116.2059,-4.1007],[116.2064,-4.0965],[116.2006,-4.0897],[116.2043,-4.0863],[116.2104,-4.0857],[116.213,-4.0881],[116.2141,-4.0934],[116.2137,-4.0959],[116.2147,-4.0973],[116.2145,-4.098],[116.212,-4.0977],[116.2103,-4.0983],[116.2093,-4.1017],[116.2077,-4.1027]]]}},{"type":"Feature","properties":{"nama_kec":"Pulau Laut Selatan","kab_id":"kotabaru","kab_name":"Kab. Kotabaru","kab_label_asli":"Kab. Kotabaru","kab_dikoreksi":false,"cx":116.1958,"cy":-4.0892,"ndmi_arsip":-0.074,"lst_arsip":38.3,"peat_pct":3},"geometry":{"type":"Polygon","coordinates":[[[116.1971,-4.0901],[116.1947,-4.0896],[116.1936,-4.0884],[116.1953,-4.0879],[116.1972,-4.0893],[116.1971,-4.0901]]]}}]}